subjectID,trialID,T,P,W,Label,v,a,RT,response
1,1,112,92,1494,stranger,2.4653957163848172,3.9236903538739107,1.0230000000000006,1
1,2,112,92,1494,stranger,0.4195058328235236,3.9236903538739107,0.7920000000000005,1
1,3,112,92,1494,stranger,1.4806619390264248,3.9236903538739107,0.7750000000000004,1
1,4,112,92,1494,stranger,0.6272791287826833,3.9236903538739107,0.9360000000000006,2
1,5,112,92,1494,stranger,0.657740355723113,3.9236903538739107,1.3709999999999818,1
1,6,112,92,1494,stranger,1.806950651728563,3.9236903538739107,0.8300000000000005,1
1,7,112,92,1494,stranger,1.6608561572939213,3.9236903538739107,1.1760000000000008,1
1,8,112,92,1494,stranger,1.415562443202018,3.9236903538739107,1.332999999999986,1
1,9,112,92,1494,stranger,0.9834467240715461,3.9236903538739107,1.1790000000000007,1
1,10,112,92,1494,stranger,1.4321771147708051,3.9236903538739107,0.8910000000000005,1
1,11,112,92,1494,stranger,1.2532042575155817,3.9236903538739107,1.4259999999999757,1
1,12,112,92,1494,stranger,2.0656683910906484,3.9236903538739107,0.9100000000000006,1
1,13,112,92,1494,stranger,1.5747659049317693,3.9236903538739107,1.496999999999968,1
1,14,112,92,1494,stranger,0.24238295398469067,3.9236903538739107,0.5650000000000003,2
1,15,112,92,1494,stranger,1.2247863805431687,3.9236903538739107,1.1610000000000007,1
1,16,112,92,1494,stranger,1.807730560193913,3.9236903538739107,0.9040000000000006,1
1,17,112,92,1494,stranger,2.08689873883761,3.9236903538739107,1.0080000000000007,1
1,18,112,92,1494,stranger,2.9301867714437977,3.9236903538739107,0.4880000000000002,1
1,19,112,92,1494,stranger,1.9256868539239749,3.9236903538739107,0.7390000000000003,1
1,20,112,92,1494,stranger,1.418065508249558,3.9236903538739107,1.2439999999999958,1
1,21,112,92,1494,stranger,2.256224088740036,3.9236903538739107,1.0000000000000007,1
1,22,112,92,1494,stranger,2.065507572284914,3.9236903538739107,1.2489999999999952,1
1,23,112,92,1494,stranger,-1.5428235610385233,3.9236903538739107,0.7480000000000004,2
1,24,112,92,1494,stranger,1.6907621354886186,3.9236903538739107,1.0050000000000006,1
1,25,112,92,1494,stranger,0.8933569772376886,3.9236903538739107,0.7130000000000003,1
1,26,112,92,1494,stranger,1.1390882038227619,3.9236903538739107,1.0260000000000007,1
1,27,112,92,1494,stranger,1.5891169071925417,3.9236903538739107,1.232999999999997,1
1,28,112,92,1494,stranger,2.10744429213858,3.9236903538739107,0.8680000000000005,1
1,29,112,92,1494,stranger,-0.46544114185452123,3.9236903538739107,0.6860000000000004,2
1,30,112,92,1494,stranger,1.302450503102307,3.9236903538739107,1.1600000000000008,1
1,1,112,92,1494,self,3.9380187468163492,3.9236903538739107,0.8080000000000005,1
1,2,112,92,1494,self,3.597060410799118,3.9236903538739107,0.7520000000000004,1
1,3,112,92,1494,self,4.709568141038469,3.9236903538739107,0.5580000000000003,1
1,4,112,92,1494,self,3.538654006266128,3.9236903538739107,0.5700000000000003,1
1,5,112,92,1494,self,6.075306202438245,3.9236903538739107,0.8080000000000005,1
1,6,112,92,1494,self,3.483803252512904,3.9236903538739107,0.5390000000000003,1
1,7,112,92,1494,self,5.007083920003883,3.9236903538739107,0.4710000000000002,1
1,8,112,92,1494,self,3.177786755851408,3.9236903538739107,0.7170000000000003,1
1,9,112,92,1494,self,5.531598810597972,3.9236903538739107,0.43100000000000016,1
1,10,112,92,1494,self,3.946475294766858,3.9236903538739107,0.8420000000000005,1
1,11,112,92,1494,self,2.583313179716213,3.9236903538739107,0.8410000000000004,1
1,12,112,92,1494,self,5.079582277698128,3.9236903538739107,0.39800000000000013,1
1,13,112,92,1494,self,4.5230300301732225,3.9236903538739107,0.8630000000000004,1
1,14,112,92,1494,self,2.8763629726220223,3.9236903538739107,0.39400000000000013,1
1,15,112,92,1494,self,4.4032348563700925,3.9236903538739107,0.7570000000000003,1
1,16,112,92,1494,self,2.9112698529858245,3.9236903538739107,0.7050000000000003,1
1,17,112,92,1494,self,4.877268655309795,3.9236903538739107,0.5650000000000003,1
1,18,112,92,1494,self,3.883376634011206,3.9236903538739107,0.8830000000000005,1
1,19,112,92,1494,self,4.009857127973168,3.9236903538739107,0.4560000000000002,1
1,20,112,92,1494,self,2.1635486691629744,3.9236903538739107,0.9700000000000006,1
1,21,112,92,1494,self,3.4863366822705126,3.9236903538739107,0.9780000000000006,1
1,22,112,92,1494,self,3.857596592358706,3.9236903538739107,1.0000000000000007,1
1,23,112,92,1494,self,5.109711083856085,3.9236903538739107,0.42900000000000016,1
1,24,112,92,1494,self,3.5015664158346556,3.9236903538739107,0.7920000000000005,1
1,25,112,92,1494,self,5.166480274975509,3.9236903538739107,0.43200000000000016,1
1,26,112,92,1494,self,3.226092229380883,3.9236903538739107,0.8610000000000004,1
1,27,112,92,1494,self,4.661088389680154,3.9236903538739107,0.6050000000000003,1
1,28,112,92,1494,self,3.6113831879447287,3.9236903538739107,0.8020000000000005,1
1,29,112,92,1494,self,5.453607036820261,3.9236903538739107,0.4550000000000002,1
1,30,112,92,1494,self,3.4087632710907707,3.9236903538739107,0.7410000000000003,1
2,1,492,75,340,stranger,3.486330877735319,2.9622675730971206,0.3560000000000001,1
2,2,492,75,340,stranger,2.9513169552101743,2.9622675730971206,0.6360000000000003,1
2,3,492,75,340,stranger,1.6815705293497034,2.9622675730971206,0.7230000000000003,1
2,4,492,75,340,stranger,2.594970127900968,2.9622675730971206,0.5170000000000002,1
2,5,492,75,340,stranger,3.375181771756998,2.9622675730971206,0.5660000000000003,1
2,6,492,75,340,stranger,2.9244316544585893,2.9622675730971206,0.43800000000000017,1
2,7,492,75,340,stranger,4.535891881039314,2.9622675730971206,0.5500000000000003,1
2,8,492,75,340,stranger,2.286745440230816,2.9622675730971206,0.6770000000000004,1
2,9,492,75,340,stranger,2.9575139970233746,2.9622675730971206,0.5620000000000003,1
2,10,492,75,340,stranger,2.6886505434988,2.9622675730971206,0.5810000000000003,1
2,11,492,75,340,stranger,3.5465465521632575,2.9622675730971206,0.7610000000000003,1
2,12,492,75,340,stranger,1.3010419599970446,2.9622675730971206,0.7810000000000004,1
2,13,492,75,340,stranger,0.7636643583792674,2.9622675730971206,0.8130000000000004,2
2,14,492,75,340,stranger,1.292755716610973,2.9622675730971206,0.5900000000000003,2
2,15,492,75,340,stranger,1.3565074321757693,2.9622675730971206,0.7920000000000005,1
2,16,492,75,340,stranger,2.9094059307632216,2.9622675730971206,0.5410000000000003,1
2,17,492,75,340,stranger,1.680221496406515,2.9622675730971206,0.8160000000000005,1
2,18,492,75,340,stranger,3.1917531329328277,2.9622675730971206,0.7110000000000003,1
2,19,492,75,340,stranger,3.1143071858437086,2.9622675730971206,0.4450000000000002,1
2,20,492,75,340,stranger,1.8565243295969323,2.9622675730971206,0.6610000000000004,1
2,21,492,75,340,stranger,1.9018853990329747,2.9622675730971206,0.6060000000000003,1
2,22,492,75,340,stranger,3.220522755079719,2.9622675730971206,0.6410000000000003,1
2,23,492,75,340,stranger,2.5179076566429703,2.9622675730971206,0.6220000000000003,1
2,24,492,75,340,stranger,2.47134166888385,2.9622675730971206,0.6290000000000003,1
2,25,492,75,340,stranger,1.1626143011929937,2.9622675730971206,0.7330000000000003,1
2,26,492,75,340,stranger,1.8177957218568883,2.9622675730971206,0.5020000000000002,1
2,27,492,75,340,stranger,1.4981910570560508,2.9622675730971206,0.8140000000000005,1
2,28,492,75,340,stranger,0.5298528187999376,2.9622675730971206,0.5750000000000003,1
2,29,492,75,340,stranger,2.6926136668752423,2.9622675730971206,0.4530000000000002,1
2,30,492,75,340,stranger,0.2129455695513336,2.9622675730971206,0.7780000000000005,1
2,1,492,75,340,self,6.405223711409585,2.9622675730971206,0.5330000000000003,1
2,2,492,75,340,self,7.0622643120512425,2.9622675730971206,0.42200000000000015,1
2,3,492,75,340,self,6.150677134127569,2.9622675730971206,0.5410000000000003,1
2,4,492,75,340,self,8.68627061042108,2.9622675730971206,0.3570000000000001,1
2,5,492,75,340,self,7.77214173416604,2.9622675730971206,0.3360000000000001,1
2,6,492,75,340,self,6.219758381238758,2.9622675730971206,0.3760000000000001,1
2,7,492,75,340,self,6.793815337142134,2.9622675730971206,0.3160000000000001,1
2,8,492,75,340,self,8.210645138057258,2.9622675730971206,0.3580000000000001,1
2,9,492,75,340,self,6.681838577857709,2.9622675730971206,0.3680000000000001,1
2,10,492,75,340,self,7.438971736960592,2.9622675730971206,0.3590000000000001,1
2,11,492,75,340,self,6.866914087621117,2.9622675730971206,0.3170000000000001,1
2,12,492,75,340,self,7.582647383051255,2.9622675730971206,0.40800000000000014,1
2,13,492,75,340,self,7.052554355161017,2.9622675730971206,0.4880000000000002,1
2,14,492,75,340,self,7.041697504434935,2.9622675730971206,0.3450000000000001,1
2,15,492,75,340,self,8.869098193129597,2.9622675730971206,0.3430000000000001,1
2,16,492,75,340,self,8.877630548639399,2.9622675730971206,0.3650000000000001,1
2,17,492,75,340,self,7.2070972144573355,2.9622675730971206,0.3850000000000001,1
2,18,492,75,340,self,7.771507529142138,2.9622675730971206,0.3600000000000001,1
2,19,492,75,340,self,8.05265192439477,2.9622675730971206,0.3810000000000001,1
2,20,492,75,340,self,5.867782936106474,2.9622675730971206,0.4870000000000002,1
2,21,492,75,340,self,6.990720388100467,2.9622675730971206,0.41600000000000015,1
2,22,492,75,340,self,6.589907670677403,2.9622675730971206,0.3380000000000001,1
2,23,492,75,340,self,7.867430612292031,2.9622675730971206,0.41100000000000014,1
2,24,492,75,340,self,5.629751410841271,2.9622675730971206,0.4690000000000002,1
2,25,492,75,340,self,7.123870139971101,2.9622675730971206,0.3340000000000001,1
2,26,492,75,340,self,8.253800453209468,2.9622675730971206,0.2860000000000001,1
2,27,492,75,340,self,5.91916009354559,2.9622675730971206,0.3450000000000001,1
2,28,492,75,340,self,6.453522696018305,2.9622675730971206,0.3370000000000001,1
2,29,492,75,340,self,5.270574467408351,2.9622675730971206,0.42400000000000015,1
2,30,492,75,340,self,7.398147610028086,2.9622675730971206,0.3820000000000001,1
3,1,133,73,526,stranger,2.1946511220572793,2.1785615604938044,0.4870000000000002,1
3,2,133,73,526,stranger,0.03892415430614482,2.1785615604938044,0.5730000000000003,1
3,3,133,73,526,stranger,1.9555335945579886,2.1785615604938044,0.5010000000000002,1
3,4,133,73,526,stranger,2.553829380070395,2.1785615604938044,0.6280000000000003,1
3,5,133,73,526,stranger,2.4283677733170173,2.1785615604938044,0.6090000000000003,1
3,6,133,73,526,stranger,0.07867659139125482,2.1785615604938044,0.5120000000000002,2
3,7,133,73,526,stranger,0.6136996410218997,2.1785615604938044,0.4520000000000002,1
3,8,133,73,526,stranger,-0.4933511402579227,2.1785615604938044,0.5500000000000003,2
3,9,133,73,526,stranger,1.9349015865715655,2.1785615604938044,0.6440000000000003,1
3,10,133,73,526,stranger,0.6519145363985545,2.1785615604938044,0.6070000000000003,2
3,11,133,73,526,stranger,1.2317686705121584,2.1785615604938044,0.5150000000000002,1
3,12,133,73,526,stranger,1.170045416452232,2.1785615604938044,0.5280000000000002,1
3,13,133,73,526,stranger,1.18864000300068,2.1785615604938044,0.5190000000000002,1
3,14,133,73,526,stranger,1.7807062653264145,2.1785615604938044,0.3900000000000001,1
3,15,133,73,526,stranger,1.952651404163516,2.1785615604938044,0.5420000000000003,1
3,16,133,73,526,stranger,1.4826538255872714,2.1785615604938044,0.5900000000000003,1
3,17,133,73,526,stranger,2.0286449010276932,2.1785615604938044,0.41200000000000014,1
3,18,133,73,526,stranger,1.8207566070879095,2.1785615604938044,0.5560000000000003,1
3,19,133,73,526,stranger,1.4681075690322385,2.1785615604938044,0.6560000000000004,1
3,20,133,73,526,stranger,1.5654462766302575,2.1785615604938044,0.4580000000000002,1
3,21,133,73,526,stranger,0.44405253874032735,2.1785615604938044,0.5650000000000003,1
3,22,133,73,526,stranger,-0.38454152034590106,2.1785615604938044,0.5730000000000003,1
3,23,133,73,526,stranger,-0.10593870729348964,2.1785615604938044,0.3890000000000001,2
3,24,133,73,526,stranger,0.9043791621521272,2.1785615604938044,0.6310000000000003,1
3,25,133,73,526,stranger,0.8240144909438579,2.1785615604938044,0.6040000000000003,1
3,26,133,73,526,stranger,1.10873314344697,2.1785615604938044,0.4520000000000002,1
3,27,133,73,526,stranger,1.8115896047420192,2.1785615604938044,0.5460000000000003,1
3,28,133,73,526,stranger,0.8919889021094115,2.1785615604938044,0.43500000000000016,1
3,29,133,73,526,stranger,2.4740795610205017,2.1785615604938044,0.43600000000000017,1
3,30,133,73,526,stranger,1.6398283373969829,2.1785615604938044,0.5110000000000002,1
3,1,133,73,526,self,4.433239292235044,2.1785615604938044,0.44000000000000017,1
3,2,133,73,526,self,4.423787698229982,2.1785615604938044,0.6040000000000003,1
3,3,133,73,526,self,3.498959885447957,2.1785615604938044,0.41300000000000014,1
3,4,133,73,526,self,3.744252996268479,2.1785615604938044,0.4610000000000002,1
3,5,133,73,526,self,4.135097317662811,2.1785615604938044,0.3450000000000001,1
3,6,133,73,526,self,5.344187150033295,2.1785615604938044,0.40800000000000014,1
3,7,133,73,526,self,2.502172382002592,2.1785615604938044,0.6070000000000003,1
3,8,133,73,526,self,5.29401324675004,2.1785615604938044,0.3200000000000001,1
3,9,133,73,526,self,2.687258775268814,2.1785615604938044,0.6050000000000003,1
3,10,133,73,526,self,5.0566986133008145,2.1785615604938044,0.3030000000000001,1
3,11,133,73,526,self,3.66425332954004,2.1785615604938044,0.3810000000000001,1
3,12,133,73,526,self,4.332318645984584,2.1785615604938044,0.6200000000000003,1
3,13,133,73,526,self,3.943537920249544,2.1785615604938044,0.4980000000000002,1
3,14,133,73,526,self,3.9413877575410536,2.1785615604938044,0.44000000000000017,1
3,15,133,73,526,self,4.2618866928023795,2.1785615604938044,0.3340000000000001,1
3,16,133,73,526,self,4.297222688042618,2.1785615604938044,0.3890000000000001,1
3,17,133,73,526,self,3.506007034245478,2.1785615604938044,0.4610000000000002,1
3,18,133,73,526,self,3.086349045597998,2.1785615604938044,0.2860000000000001,1
3,19,133,73,526,self,3.935084720801599,2.1785615604938044,0.4840000000000002,1
3,20,133,73,526,self,3.1657202368998063,2.1785615604938044,0.41700000000000015,1
3,21,133,73,526,self,4.541196000632141,2.1785615604938044,0.6570000000000004,1
3,22,133,73,526,self,4.861930287777265,2.1785615604938044,0.4880000000000002,1
3,23,133,73,526,self,4.373308544559357,2.1785615604938044,0.42300000000000015,1
3,24,133,73,526,self,4.1364094317617335,2.1785615604938044,0.3460000000000001,1
3,25,133,73,526,self,4.150261288255456,2.1785615604938044,0.5590000000000003,1
3,26,133,73,526,self,2.6021274605479268,2.1785615604938044,0.4670000000000002,1
3,27,133,73,526,self,5.529759242940795,2.1785615604938044,0.4450000000000002,1
3,28,133,73,526,self,5.337661895696813,2.1785615604938044,0.2880000000000001,1
3,29,133,73,526,self,5.16604344988336,2.1785615604938044,0.3000000000000001,1
3,30,133,73,526,self,4.645211750441582,2.1785615604938044,0.44100000000000017,1
4,1,110,20,707,stranger,1.7398321010746445,3.4819005693710414,0.8060000000000005,1
4,2,110,20,707,stranger,2.1106724990507666,3.4819005693710414,0.6770000000000004,1
4,3,110,20,707,stranger,2.1442386301757783,3.4819005693710414,0.7550000000000003,1
4,4,110,20,707,stranger,-1.3874054157471702,3.4819005693710414,0.6520000000000004,2
4,5,110,20,707,stranger,2.4546157872449883,3.4819005693710414,0.5220000000000002,1
4,6,110,20,707,stranger,1.7073127632648761,3.4819005693710414,0.6200000000000003,1
4,7,110,20,707,stranger,0.8152547682701508,3.4819005693710414,0.5840000000000003,1
4,8,110,20,707,stranger,1.2000870770306968,3.4819005693710414,0.41400000000000015,1
4,9,110,20,707,stranger,2.4475551417657018,3.4819005693710414,0.7080000000000004,1
4,10,110,20,707,stranger,1.1676231767218925,3.4819005693710414,0.7410000000000003,1
4,11,110,20,707,stranger,2.035448423305656,3.4819005693710414,0.6620000000000004,1
4,12,110,20,707,stranger,1.640645689664586,3.4819005693710414,0.7180000000000004,1
4,13,110,20,707,stranger,-0.7990824321667581,3.4819005693710414,0.6110000000000003,2
4,14,110,20,707,stranger,2.788440911700711,3.4819005693710414,0.6960000000000004,1
4,15,110,20,707,stranger,2.6395542052955396,3.4819005693710414,0.6640000000000004,1
4,16,110,20,707,stranger,0.7810274088181108,3.4819005693710414,0.4870000000000002,1
4,17,110,20,707,stranger,0.4433835645365439,3.4819005693710414,0.7800000000000005,1
4,18,110,20,707,stranger,0.6461533172277882,3.4819005693710414,0.6240000000000003,1
4,19,110,20,707,stranger,0.10990784044379642,3.4819005693710414,0.6240000000000003,2
4,20,110,20,707,stranger,1.36108555963872,3.4819005693710414,0.6840000000000004,1
4,21,110,20,707,stranger,0.6841381957624557,3.4819005693710414,0.4860000000000002,1
4,22,110,20,707,stranger,0.8316218973522291,3.4819005693710414,0.7110000000000003,1
4,23,110,20,707,stranger,0.39968084018082195,3.4819005693710414,0.6470000000000004,1
4,24,110,20,707,stranger,-0.5342856644110533,3.4819005693710414,0.7170000000000003,2
4,25,110,20,707,stranger,0.8004261876937139,3.4819005693710414,0.7500000000000004,1
4,26,110,20,707,stranger,0.28006591428657585,3.4819005693710414,0.7960000000000005,1
4,27,110,20,707,stranger,0.44411938282029345,3.4819005693710414,0.5240000000000002,1
4,28,110,20,707,stranger,1.8133944657616436,3.4819005693710414,0.7970000000000004,1
4,29,110,20,707,stranger,-1.2979159318650395,3.4819005693710414,0.7960000000000005,2
4,30,110,20,707,stranger,0.6668404876361005,3.4819005693710414,0.4920000000000002,1
4,1,110,20,707,self,5.6199485370588,3.4819005693710414,0.3910000000000001,1
4,2,110,20,707,self,3.1581164219146065,3.4819005693710414,0.6240000000000003,1
4,3,110,20,707,self,3.538453540455324,3.4819005693710414,0.5290000000000002,1
4,4,110,20,707,self,3.3116662064084834,3.4819005693710414,0.7590000000000003,1
4,5,110,20,707,self,2.892607825647205,3.4819005693710414,0.4800000000000002,1
4,6,110,20,707,self,3.3530292625499047,3.4819005693710414,0.5710000000000003,1
4,7,110,20,707,self,3.905806317641553,3.4819005693710414,0.7970000000000004,1
4,8,110,20,707,self,2.7282836189408264,3.4819005693710414,0.7360000000000004,1
4,9,110,20,707,self,4.230902271428618,3.4819005693710414,0.4590000000000002,1
4,10,110,20,707,self,3.3513948708414865,3.4819005693710414,0.8140000000000005,1
4,11,110,20,707,self,3.336462694493948,3.4819005693710414,0.7820000000000005,1
4,12,110,20,707,self,3.1059932404865256,3.4819005693710414,0.7730000000000004,1
4,13,110,20,707,self,3.429524559574542,3.4819005693710414,0.7360000000000004,1
4,14,110,20,707,self,2.843854222476488,3.4819005693710414,0.7030000000000003,1
4,15,110,20,707,self,2.4006938516182315,3.4819005693710414,0.7570000000000003,1
4,16,110,20,707,self,4.708450352653334,3.4819005693710414,0.7070000000000003,1
4,17,110,20,707,self,3.298054459264927,3.4819005693710414,0.5040000000000002,1
4,18,110,20,707,self,3.8682002841963326,3.4819005693710414,0.4720000000000002,1
4,19,110,20,707,self,3.414817909576932,3.4819005693710414,0.6720000000000004,1
4,20,110,20,707,self,3.5819186318568876,3.4819005693710414,0.6390000000000003,1
4,21,110,20,707,self,3.0545710596860536,3.4819005693710414,0.7340000000000004,1
4,22,110,20,707,self,5.1840587530916125,3.4819005693710414,0.7550000000000003,1
4,23,110,20,707,self,2.7115182901764947,3.4819005693710414,0.7370000000000003,1
4,24,110,20,707,self,2.923828070853133,3.4819005693710414,0.6780000000000004,1
4,25,110,20,707,self,2.9791116260774255,3.4819005693710414,0.7110000000000003,1
4,26,110,20,707,self,2.7289486104585436,3.4819005693710414,0.8050000000000004,1
4,27,110,20,707,self,2.952568629889883,3.4819005693710414,0.5730000000000003,1
4,28,110,20,707,self,2.078935541754356,3.4819005693710414,0.7830000000000004,1
4,29,110,20,707,self,3.7680741936717483,3.4819005693710414,0.6770000000000004,1
4,30,110,20,707,self,3.3403387091823764,3.4819005693710414,0.5490000000000003,1
5,1,161,76,673,stranger,1.5808155291985035,3.3800453440659686,0.7760000000000005,1
5,2,161,76,673,stranger,2.3301812598161167,3.3800453440659686,0.5720000000000003,1
5,3,161,76,673,stranger,0.5174359180184559,3.3800453440659686,0.6630000000000004,1
5,4,161,76,673,stranger,1.2022186060094415,3.3800453440659686,0.6860000000000004,1
5,5,161,76,673,stranger,1.2906312889686318,3.3800453440659686,0.7250000000000003,1
5,6,161,76,673,stranger,2.2501923383329316,3.3800453440659686,0.6530000000000004,1
5,7,161,76,673,stranger,1.250520629051082,3.3800453440659686,0.6270000000000003,1
5,8,161,76,673,stranger,0.1674802588242692,3.3800453440659686,0.6640000000000004,2
5,9,161,76,673,stranger,2.521614224719018,3.3800453440659686,0.6760000000000004,1
5,10,161,76,673,stranger,0.8556980783207291,3.3800453440659686,0.8230000000000004,1
5,11,161,76,673,stranger,1.1587390239771558,3.3800453440659686,0.7130000000000003,1
5,12,161,76,673,stranger,2.190299943776347,3.3800453440659686,0.5900000000000003,1
5,13,161,76,673,stranger,0.712527359162805,3.3800453440659686,0.6070000000000003,2
5,14,161,76,673,stranger,2.0406563850392407,3.3800453440659686,0.7130000000000003,1
5,15,161,76,673,stranger,0.4843048723939556,3.3800453440659686,0.8120000000000005,1
5,16,161,76,673,stranger,1.3223082269644126,3.3800453440659686,0.7130000000000003,1
5,17,161,76,673,stranger,2.0900834057502142,3.3800453440659686,0.5980000000000003,1
5,18,161,76,673,stranger,1.727705398041794,3.3800453440659686,0.4850000000000002,1
5,19,161,76,673,stranger,2.426150737399703,3.3800453440659686,0.43800000000000017,1
5,20,161,76,673,stranger,2.388296324347176,3.3800453440659686,0.5800000000000003,1
5,21,161,76,673,stranger,2.1815362836187733,3.3800453440659686,0.5930000000000003,1
5,22,161,76,673,stranger,2.934670254743468,3.3800453440659686,0.7340000000000004,1
5,23,161,76,673,stranger,1.7891758085467424,3.3800453440659686,0.5860000000000003,1
5,24,161,76,673,stranger,2.2718515668638224,3.3800453440659686,0.3780000000000001,1
5,25,161,76,673,stranger,1.363086631974923,3.3800453440659686,0.7450000000000003,1
5,26,161,76,673,stranger,3.044979076470227,3.3800453440659686,0.5560000000000003,1
5,27,161,76,673,stranger,-1.20435993649246,3.3800453440659686,0.5040000000000002,2
5,28,161,76,673,stranger,2.487045119570962,3.3800453440659686,0.7620000000000005,1
5,29,161,76,673,stranger,0.9079717527823604,3.3800453440659686,0.6100000000000003,1
5,30,161,76,673,stranger,1.3765682492576259,3.3800453440659686,0.6440000000000003,1
5,1,161,76,673,self,4.584111544035041,3.3800453440659686,0.5650000000000003,1
5,2,161,76,673,self,4.54203964503301,3.3800453440659686,0.5310000000000002,1
5,3,161,76,673,self,5.670551606293157,3.3800453440659686,0.4900000000000002,1
5,4,161,76,673,self,4.257217336408916,3.3800453440659686,0.6030000000000003,1
5,5,161,76,673,self,4.8539683103605995,3.3800453440659686,0.5060000000000002,1
5,6,161,76,673,self,4.886528832235581,3.3800453440659686,0.7960000000000005,1
5,7,161,76,673,self,3.6600196323711147,3.3800453440659686,0.5890000000000003,1
5,8,161,76,673,self,5.7043018160903305,3.3800453440659686,0.3730000000000001,1
5,9,161,76,673,self,4.085323887827884,3.3800453440659686,0.7230000000000003,1
5,10,161,76,673,self,4.112512493451243,3.3800453440659686,0.6160000000000003,1
5,11,161,76,673,self,5.827299097298756,3.3800453440659686,0.5470000000000003,1
5,12,161,76,673,self,5.775826657889719,3.3800453440659686,0.5540000000000003,1
5,13,161,76,673,self,3.9678947022208715,3.3800453440659686,0.6520000000000004,1
5,14,161,76,673,self,4.3867231277543715,3.3800453440659686,0.6470000000000004,1
5,15,161,76,673,self,5.72706252875032,3.3800453440659686,0.5250000000000002,1
5,16,161,76,673,self,3.497369226191399,3.3800453440659686,0.7130000000000003,1
5,17,161,76,673,self,3.1147785741309066,3.3800453440659686,0.5920000000000003,1
5,18,161,76,673,self,1.8293295161170122,3.3800453440659686,0.6250000000000003,1
5,19,161,76,673,self,4.008346219502952,3.3800453440659686,0.5650000000000003,1
5,20,161,76,673,self,4.595938107836273,3.3800453440659686,0.4450000000000002,1
5,21,161,76,673,self,4.607730130790242,3.3800453440659686,0.5040000000000002,1
5,22,161,76,673,self,4.228895037631927,3.3800453440659686,0.5700000000000003,1
5,23,161,76,673,self,4.161551660006846,3.3800453440659686,0.41400000000000015,1
5,24,161,76,673,self,4.484424850849949,3.3800453440659686,0.6000000000000003,1
5,25,161,76,673,self,4.633956226830182,3.3800453440659686,0.5990000000000003,1
5,26,161,76,673,self,4.936573230476787,3.3800453440659686,0.40400000000000014,1
5,27,161,76,673,self,4.721515382062536,3.3800453440659686,0.4970000000000002,1
5,28,161,76,673,self,5.016595399976238,3.3800453440659686,0.5390000000000003,1
5,29,161,76,673,self,3.7646464617894635,3.3800453440659686,0.6410000000000003,1
5,30,161,76,673,self,3.7390535649094265,3.3800453440659686,0.42100000000000015,1
6,1,70,17,359,stranger,0.8224139939079301,0.12281739035252748,0.20500000000000002,2
6,2,70,17,359,stranger,-0.6936547703260186,0.12281739035252748,0.21100000000000002,1
6,3,70,17,359,stranger,1.556588466697621,0.12281739035252748,0.20400000000000001,2
6,4,70,17,359,stranger,0.4530027086372572,0.12281739035252748,0.203,1
6,5,70,17,359,stranger,0.24154457200833218,0.12281739035252748,0.20400000000000001,2
6,6,70,17,359,stranger,1.0575532008378608,0.12281739035252748,0.203,1
6,7,70,17,359,stranger,-0.5172453981798092,0.12281739035252748,0.21100000000000002,2
6,8,70,17,359,stranger,1.4023777383407505,0.12281739035252748,0.21000000000000002,2
6,9,70,17,359,stranger,1.8543149015417022,0.12281739035252748,0.202,1
6,10,70,17,359,stranger,0.5018446865243578,0.12281739035252748,0.21200000000000002,1
6,11,70,17,359,stranger,2.279090654333023,0.12281739035252748,0.202,1
6,12,70,17,359,stranger,-0.5337447116504203,0.12281739035252748,0.203,2
6,13,70,17,359,stranger,-0.04990505675296686,0.12281739035252748,0.21600000000000003,2
6,14,70,17,359,stranger,-0.6716390598770839,0.12281739035252748,0.21300000000000002,1
6,15,70,17,359,stranger,0.14872071645013735,0.12281739035252748,0.202,2
6,16,70,17,359,stranger,-0.280855400184445,0.12281739035252748,0.20400000000000001,2
6,17,70,17,359,stranger,1.9326779701513264,0.12281739035252748,0.202,2
6,18,70,17,359,stranger,1.1254488201033743,0.12281739035252748,0.20900000000000002,2
6,19,70,17,359,stranger,0.8262195373573066,0.12281739035252748,0.203,1
6,20,70,17,359,stranger,0.253923680591342,0.12281739035252748,0.201,1
6,21,70,17,359,stranger,-0.7316438221846947,0.12281739035252748,0.20800000000000002,2
6,22,70,17,359,stranger,0.7047306243932033,0.12281739035252748,0.20500000000000002,2
6,23,70,17,359,stranger,0.6923332826717323,0.12281739035252748,0.202,2
6,24,70,17,359,stranger,0.6995588113766875,0.12281739035252748,0.202,2
6,25,70,17,359,stranger,0.23760089126197803,0.12281739035252748,0.20700000000000002,1
6,26,70,17,359,stranger,2.343333399093759,0.12281739035252748,0.22800000000000004,2
6,27,70,17,359,stranger,0.8761861877989181,0.12281739035252748,0.21000000000000002,1
6,28,70,17,359,stranger,0.8293934952444814,0.12281739035252748,0.203,1
6,29,70,17,359,stranger,-0.8487010357432786,0.12281739035252748,0.203,1
6,30,70,17,359,stranger,-0.722145742465676,0.12281739035252748,0.20800000000000002,1
6,1,70,17,359,self,2.6467318621087377,0.12281739035252748,0.20500000000000002,1
6,2,70,17,359,self,0.8096176504637407,0.12281739035252748,0.21000000000000002,2
6,3,70,17,359,self,3.066211838585745,0.12281739035252748,0.201,1
6,4,70,17,359,self,4.096835456233625,0.12281739035252748,0.21900000000000003,1
6,5,70,17,359,self,2.6201141598243023,0.12281739035252748,0.20400000000000001,2
6,6,70,17,359,self,1.0019878651160374,0.12281739035252748,0.21100000000000002,1
6,7,70,17,359,self,3.0752282624937037,0.12281739035252748,0.203,1
6,8,70,17,359,self,2.302035092214239,0.12281739035252748,0.202,2
6,9,70,17,359,self,1.79893157859181,0.12281739035252748,0.20500000000000002,2
6,10,70,17,359,self,3.5718684067471003,0.12281739035252748,0.20700000000000002,1
6,11,70,17,359,self,2.520790880314839,0.12281739035252748,0.20400000000000001,1
6,12,70,17,359,self,2.9699791136709752,0.12281739035252748,0.21700000000000003,1
6,13,70,17,359,self,1.5782517789389905,0.12281739035252748,0.20500000000000002,2
6,14,70,17,359,self,2.730385668456862,0.12281739035252748,0.20700000000000002,2
6,15,70,17,359,self,0.6329685425341995,0.12281739035252748,0.20400000000000001,2
6,16,70,17,359,self,2.6288015109439975,0.12281739035252748,0.203,2
6,17,70,17,359,self,2.367146487713777,0.12281739035252748,0.203,2
6,18,70,17,359,self,1.5417754846078506,0.12281739035252748,0.202,2
6,19,70,17,359,self,2.235611791022009,0.12281739035252748,0.203,2
6,20,70,17,359,self,3.28932318662814,0.12281739035252748,0.22100000000000003,1
6,21,70,17,359,self,3.139227643777466,0.12281739035252748,0.202,2
6,22,70,17,359,self,2.2348049808615627,0.12281739035252748,0.20600000000000002,1
6,23,70,17,359,self,3.125745243371421,0.12281739035252748,0.21800000000000003,1
6,24,70,17,359,self,4.149402341455213,0.12281739035252748,0.21200000000000002,1
6,25,70,17,359,self,2.4012886728421967,0.12281739035252748,0.20700000000000002,1
6,26,70,17,359,self,2.9512574768377946,0.12281739035252748,0.202,2
6,27,70,17,359,self,3.0757501229918742,0.12281739035252748,0.20500000000000002,1
6,28,70,17,359,self,1.592914480687401,0.12281739035252748,0.21700000000000003,2
6,29,70,17,359,self,1.660537025423326,0.12281739035252748,0.202,1
6,30,70,17,359,self,1.8571643724707405,0.12281739035252748,0.20400000000000001,1
7,1,67,125,1074,stranger,0.46921944466250265,3.235685389397131,0.5060000000000002,1
7,2,67,125,1074,stranger,2.092957952140881,3.235685389397131,0.5140000000000002,1
7,3,67,125,1074,stranger,2.241723255262892,3.235685389397131,1.1090000000000007,1
7,4,67,125,1074,stranger,2.072070543897693,3.235685389397131,0.8660000000000005,1
7,5,67,125,1074,stranger,2.6182062456567534,3.235685389397131,0.6750000000000004,1
7,6,67,125,1074,stranger,1.5645131376196,3.235685389397131,1.1010000000000006,1
7,7,67,125,1074,stranger,1.6977066333599415,3.235685389397131,0.9770000000000005,2
7,8,67,125,1074,stranger,1.7626047443167558,3.235685389397131,1.0770000000000006,1
7,9,67,125,1074,stranger,1.518526042764404,3.235685389397131,1.0440000000000007,1
7,10,67,125,1074,stranger,-1.6579851752463655,3.235685389397131,0.9220000000000006,2
7,11,67,125,1074,stranger,1.1545103072881806,3.235685389397131,0.7720000000000005,1
7,12,67,125,1074,stranger,1.6648322042648145,3.235685389397131,0.8430000000000004,1
7,13,67,125,1074,stranger,1.9849369685069989,3.235685389397131,0.9630000000000005,1
7,14,67,125,1074,stranger,-0.17212977346517,3.235685389397131,0.6300000000000003,1
7,15,67,125,1074,stranger,0.7564155991570944,3.235685389397131,0.5480000000000003,1
7,16,67,125,1074,stranger,2.1175864580452406,3.235685389397131,0.7640000000000005,1
7,17,67,125,1074,stranger,0.8860124923488376,3.235685389397131,0.6250000000000003,1
7,18,67,125,1074,stranger,0.36805988374092585,3.235685389397131,1.0680000000000007,1
7,19,67,125,1074,stranger,1.6656625304161863,3.235685389397131,0.5940000000000003,1
7,20,67,125,1074,stranger,1.4987166051115666,3.235685389397131,0.9910000000000005,1
7,21,67,125,1074,stranger,2.1722902220456497,3.235685389397131,0.5190000000000002,1
7,22,67,125,1074,stranger,0.8827909648650935,3.235685389397131,1.0300000000000007,1
7,23,67,125,1074,stranger,1.7862653870222907,3.235685389397131,0.5500000000000003,1
7,24,67,125,1074,stranger,1.529078442184803,3.235685389397131,0.6450000000000004,1
7,25,67,125,1074,stranger,-0.9760604553306147,3.235685389397131,0.5780000000000003,2
7,26,67,125,1074,stranger,1.0406491613183544,3.235685389397131,0.6080000000000003,1
7,27,67,125,1074,stranger,1.2638714007872252,3.235685389397131,0.7490000000000003,1
7,28,67,125,1074,stranger,-0.7309666603009786,3.235685389397131,0.9240000000000006,2
7,29,67,125,1074,stranger,2.014950539816515,3.235685389397131,1.1100000000000008,1
7,30,67,125,1074,stranger,0.5879369693199368,3.235685389397131,0.6660000000000004,1
7,1,67,125,1074,self,3.479150100518042,3.235685389397131,0.8530000000000004,1
7,2,67,125,1074,self,2.392100400757637,3.235685389397131,0.8240000000000005,1
7,3,67,125,1074,self,3.0028318749442815,3.235685389397131,0.9880000000000007,1
7,4,67,125,1074,self,2.343642193010319,3.235685389397131,0.6700000000000004,1
7,5,67,125,1074,self,3.390563261312274,3.235685389397131,0.5490000000000003,1
7,6,67,125,1074,self,4.277793852792576,3.235685389397131,0.7250000000000003,1
7,7,67,125,1074,self,3.4687927007233115,3.235685389397131,0.6050000000000003,1
7,8,67,125,1074,self,5.034263368030414,3.235685389397131,0.41700000000000015,1
7,9,67,125,1074,self,4.629273225916232,3.235685389397131,0.5170000000000002,1
7,10,67,125,1074,self,2.9163551571905635,3.235685389397131,0.9380000000000006,1
7,11,67,125,1074,self,2.708212578905419,3.235685389397131,0.7240000000000004,1
7,12,67,125,1074,self,3.353315381838192,3.235685389397131,0.8670000000000004,1
7,13,67,125,1074,self,2.2475645859011903,3.235685389397131,0.8030000000000004,1
7,14,67,125,1074,self,2.5695676880208733,3.235685389397131,0.5480000000000003,1
7,15,67,125,1074,self,1.5451647179815604,3.235685389397131,0.7010000000000003,1
7,16,67,125,1074,self,3.889026890350271,3.235685389397131,1.0260000000000007,1
7,17,67,125,1074,self,3.5699041848830237,3.235685389397131,0.44200000000000017,1
7,18,67,125,1074,self,1.9004550606495139,3.235685389397131,0.8630000000000004,1
7,19,67,125,1074,self,2.8602132879036843,3.235685389397131,0.8700000000000006,1
7,20,67,125,1074,self,3.802048031519724,3.235685389397131,0.5310000000000002,1
7,21,67,125,1074,self,2.013748596503679,3.235685389397131,0.8430000000000004,1
7,22,67,125,1074,self,4.480121972940072,3.235685389397131,0.6030000000000003,1
7,23,67,125,1074,self,2.2124485829917355,3.235685389397131,0.5000000000000002,1
7,24,67,125,1074,self,4.393194240834672,3.235685389397131,0.4490000000000002,1
7,25,67,125,1074,self,3.006121378037866,3.235685389397131,0.6400000000000003,1
7,26,67,125,1074,self,1.9346521850777088,3.235685389397131,0.8280000000000005,1
7,27,67,125,1074,self,3.4366846629429135,3.235685389397131,0.7040000000000004,1
7,28,67,125,1074,self,3.605339396010039,3.235685389397131,0.7140000000000004,1
7,29,67,125,1074,self,2.405114362721543,3.235685389397131,1.1410000000000007,1
7,30,67,125,1074,self,4.596405648667577,3.235685389397131,0.4730000000000002,1
8,1,591,123,572,stranger,2.4730871591202233,3.5433902372292234,0.8800000000000006,1
8,2,591,123,572,stranger,2.206449488924321,3.5433902372292234,0.6570000000000004,1
8,3,591,123,572,stranger,3.688680419927287,3.5433902372292234,0.4480000000000002,1
8,4,591,123,572,stranger,1.5277896493291903,3.5433902372292234,0.6000000000000003,1
8,5,591,123,572,stranger,3.973587389938357,3.5433902372292234,0.6650000000000004,1
8,6,591,123,572,stranger,3.4363049791722915,3.5433902372292234,0.5590000000000003,1
8,7,591,123,572,stranger,3.066019171396862,3.5433902372292234,0.5980000000000003,1
8,8,591,123,572,stranger,1.8930810133219576,3.5433902372292234,0.5660000000000003,1
8,9,591,123,572,stranger,1.554868683330433,3.5433902372292234,0.8380000000000005,1
8,10,591,123,572,stranger,4.711926166604451,3.5433902372292234,0.41900000000000015,1
8,11,591,123,572,stranger,3.021858838331067,3.5433902372292234,0.7600000000000005,1
8,12,591,123,572,stranger,1.5525729025449824,3.5433902372292234,0.8780000000000006,1
8,13,591,123,572,stranger,2.522927978506486,3.5433902372292234,0.6120000000000003,1
8,14,591,123,572,stranger,3.030703267986178,3.5433902372292234,0.9230000000000005,1
8,15,591,123,572,stranger,1.2469268700416172,3.5433902372292234,0.9900000000000007,1
8,16,591,123,572,stranger,3.2088219249032455,3.5433902372292234,0.6860000000000004,1
8,17,591,123,572,stranger,1.1201491243100832,3.5433902372292234,0.7830000000000004,1
8,18,591,123,572,stranger,1.9500708461378218,3.5433902372292234,0.6240000000000003,1
8,19,591,123,572,stranger,1.7714064931156979,3.5433902372292234,1.0370000000000006,1
8,20,591,123,572,stranger,2.5791390441731674,3.5433902372292234,0.6450000000000004,1
8,21,591,123,572,stranger,1.309909195901027,3.5433902372292234,0.7660000000000005,1
8,22,591,123,572,stranger,1.2776063167583636,3.5433902372292234,0.8820000000000006,1
8,23,591,123,572,stranger,1.859268306357255,3.5433902372292234,0.7310000000000003,1
8,24,591,123,572,stranger,2.467544480119032,3.5433902372292234,0.8290000000000004,1
8,25,591,123,572,stranger,3.0385758139762746,3.5433902372292234,0.9050000000000005,1
8,26,591,123,572,stranger,2.0569875666351765,3.5433902372292234,0.6600000000000004,1
8,27,591,123,572,stranger,1.6280374379165037,3.5433902372292234,1.0550000000000006,1
8,28,591,123,572,stranger,1.8135783170102928,3.5433902372292234,0.6260000000000003,1
8,29,591,123,572,stranger,1.4284275672728566,3.5433902372292234,0.7260000000000004,1
8,30,591,123,572,stranger,3.300757877284714,3.5433902372292234,0.6650000000000004,1
8,1,591,123,572,self,7.728112881490148,3.5433902372292234,0.39600000000000013,1
8,2,591,123,572,self,6.996428730415433,3.5433902372292234,0.4820000000000002,1
8,3,591,123,572,self,6.080313819076865,3.5433902372292234,0.7750000000000004,1
8,4,591,123,572,self,6.157596278521537,3.5433902372292234,0.4470000000000002,1
8,5,591,123,572,self,7.303772680060568,3.5433902372292234,0.4600000000000002,1
8,6,591,123,572,self,6.553027365338757,3.5433902372292234,0.3470000000000001,1
8,7,591,123,572,self,9.024638607344109,3.5433902372292234,0.4550000000000002,1
8,8,591,123,572,self,9.395451981839079,3.5433902372292234,0.3820000000000001,1
8,9,591,123,572,self,8.174318658708758,3.5433902372292234,0.3680000000000001,1
8,10,591,123,572,self,7.211293345889018,3.5433902372292234,0.3880000000000001,1
8,11,591,123,572,self,6.758318487345844,3.5433902372292234,0.6400000000000003,1
8,12,591,123,572,self,8.05802859530664,3.5433902372292234,0.3850000000000001,1
8,13,591,123,572,self,6.845559058789417,3.5433902372292234,0.3500000000000001,1
8,14,591,123,572,self,8.288953022555356,3.5433902372292234,0.43300000000000016,1
8,15,591,123,572,self,6.122493968572713,3.5433902372292234,0.6430000000000003,1
8,16,591,123,572,self,5.885383977772127,3.5433902372292234,0.4640000000000002,1
8,17,591,123,572,self,6.738982906549741,3.5433902372292234,0.41300000000000014,1
8,18,591,123,572,self,6.5970491400272415,3.5433902372292234,0.5260000000000002,1
8,19,591,123,572,self,8.609585137894728,3.5433902372292234,0.3640000000000001,1
8,20,591,123,572,self,8.484906039120768,3.5433902372292234,0.4740000000000002,1
8,21,591,123,572,self,4.31667101120242,3.5433902372292234,0.7960000000000005,1
8,22,591,123,572,self,7.93692711362265,3.5433902372292234,0.43900000000000017,1
8,23,591,123,572,self,7.6251540181453485,3.5433902372292234,0.4660000000000002,1
8,24,591,123,572,self,7.365385489479641,3.5433902372292234,0.3550000000000001,1
8,25,591,123,572,self,7.698839174640072,3.5433902372292234,0.4550000000000002,1
8,26,591,123,572,self,6.6429686698736745,3.5433902372292234,0.5030000000000002,1
8,27,591,123,572,self,5.826221584604692,3.5433902372292234,0.5120000000000002,1
8,28,591,123,572,self,7.1131205388197545,3.5433902372292234,0.3560000000000001,1
8,29,591,123,572,self,5.900607060719559,3.5433902372292234,0.5460000000000003,1
8,30,591,123,572,self,7.527126475347308,3.5433902372292234,0.5160000000000002,1
9,1,491,124,625,stranger,2.846453277383648,3.060491215818399,0.5470000000000003,1
9,2,491,124,625,stranger,2.014817812769111,3.060491215818399,1.0400000000000007,1
9,3,491,124,625,stranger,1.7539067266724881,3.060491215818399,0.6630000000000004,1
9,4,491,124,625,stranger,2.6790183231656974,3.060491215818399,0.6450000000000004,2
9,5,491,124,625,stranger,2.713206382974151,3.060491215818399,0.9950000000000006,1
9,6,491,124,625,stranger,3.018233234070009,3.060491215818399,0.6600000000000004,1
9,7,491,124,625,stranger,1.908697342538822,3.060491215818399,0.8870000000000005,1
9,8,491,124,625,stranger,3.6160151230546647,3.060491215818399,0.5160000000000002,1
9,9,491,124,625,stranger,1.22755792709096,3.060491215818399,0.7960000000000005,1
9,10,491,124,625,stranger,1.7520203250389783,3.060491215818399,0.6820000000000004,1
9,11,491,124,625,stranger,2.3261419435141533,3.060491215818399,0.5830000000000003,1
9,12,491,124,625,stranger,2.9774608860310217,3.060491215818399,0.3930000000000001,1
9,13,491,124,625,stranger,-0.3838081446849002,3.060491215818399,0.6930000000000004,1
9,14,491,124,625,stranger,2.3854417896783673,3.060491215818399,0.7180000000000004,1
9,15,491,124,625,stranger,2.7478240385044597,3.060491215818399,0.5340000000000003,1
9,16,491,124,625,stranger,1.705285324885256,3.060491215818399,0.7110000000000003,1
9,17,491,124,625,stranger,1.3654790037707127,3.060491215818399,0.5500000000000003,1
9,18,491,124,625,stranger,2.6143420715561168,3.060491215818399,0.8550000000000004,1
9,19,491,124,625,stranger,1.7669400846672652,3.060491215818399,1.0160000000000007,1
9,20,491,124,625,stranger,2.1805378142581526,3.060491215818399,0.9190000000000005,1
9,21,491,124,625,stranger,1.3473115369401003,3.060491215818399,0.7810000000000004,1
9,22,491,124,625,stranger,1.726166355475478,3.060491215818399,0.7660000000000005,1
9,23,491,124,625,stranger,1.990088031162359,3.060491215818399,0.7060000000000004,1
9,24,491,124,625,stranger,2.8299642988144678,3.060491215818399,1.1130000000000007,1
9,25,491,124,625,stranger,0.9003959566096834,3.060491215818399,0.9010000000000005,1
9,26,491,124,625,stranger,0.6777563981578634,3.060491215818399,0.9680000000000006,1
9,27,491,124,625,stranger,2.352344302000814,3.060491215818399,1.0200000000000007,1
9,28,491,124,625,stranger,2.7476989173850086,3.060491215818399,0.8430000000000004,1
9,29,491,124,625,stranger,1.0123095217853373,3.060491215818399,0.8760000000000006,1
9,30,491,124,625,stranger,1.2006015384811053,3.060491215818399,0.8280000000000005,1
9,1,491,124,625,self,7.053130397874013,3.060491215818399,0.43700000000000017,1
9,2,491,124,625,self,6.739569481943009,3.060491215818399,0.4450000000000002,1
9,3,491,124,625,self,6.701719508257259,3.060491215818399,0.4870000000000002,1
9,4,491,124,625,self,6.693157085283683,3.060491215818399,0.40000000000000013,1
9,5,491,124,625,self,5.765151904940666,3.060491215818399,0.5070000000000002,1
9,6,491,124,625,self,8.101946445696155,3.060491215818399,0.5110000000000002,1
9,7,491,124,625,self,9.176079596808934,3.060491215818399,0.33000000000000007,1
9,8,491,124,625,self,8.452387448183318,3.060491215818399,0.43900000000000017,1
9,9,491,124,625,self,7.923493656688808,3.060491215818399,0.43300000000000016,1
9,10,491,124,625,self,7.201236173738467,3.060491215818399,0.3480000000000001,1
9,11,491,124,625,self,5.5145718415696425,3.060491215818399,0.43500000000000016,1
9,12,491,124,625,self,6.814722496170005,3.060491215818399,0.4820000000000002,1
9,13,491,124,625,self,7.339352833033697,3.060491215818399,0.5560000000000003,1
9,14,491,124,625,self,7.235951474806315,3.060491215818399,0.5200000000000002,1
9,15,491,124,625,self,6.25382115787208,3.060491215818399,0.4680000000000002,1
9,16,491,124,625,self,8.339321838585802,3.060491215818399,0.4500000000000002,1
9,17,491,124,625,self,8.229913291304829,3.060491215818399,0.3390000000000001,1
9,18,491,124,625,self,9.174790481085456,3.060491215818399,0.3620000000000001,1
9,19,491,124,625,self,8.857401760980707,3.060491215818399,0.3600000000000001,1
9,20,491,124,625,self,7.627878887396898,3.060491215818399,0.40400000000000014,1
9,21,491,124,625,self,7.357880760331313,3.060491215818399,0.3720000000000001,1
9,22,491,124,625,self,7.1158331893565645,3.060491215818399,0.41300000000000014,1
9,23,491,124,625,self,6.514507036638218,3.060491215818399,0.4440000000000002,1
9,24,491,124,625,self,8.156114605242069,3.060491215818399,0.3830000000000001,1
9,25,491,124,625,self,7.078402256583552,3.060491215818399,0.4650000000000002,1
9,26,491,124,625,self,8.205134400863523,3.060491215818399,0.42600000000000016,1
9,27,491,124,625,self,8.243862010156072,3.060491215818399,0.3320000000000001,1
9,28,491,124,625,self,6.981513546194628,3.060491215818399,0.40600000000000014,1
9,29,491,124,625,self,9.404896528649644,3.060491215818399,0.3440000000000001,1
9,30,491,124,625,self,6.596310767990165,3.060491215818399,0.40900000000000014,1
10,1,503,67,1029,stranger,2.3719483101538277,3.6020739816764387,1.0630000000000006,1
10,2,503,67,1029,stranger,3.698355907592277,3.6020739816764387,0.8500000000000005,1
10,3,503,67,1029,stranger,0.6622554311083724,3.6020739816764387,1.0310000000000006,1
10,4,503,67,1029,stranger,1.3365513345914157,3.6020739816764387,1.2259999999999978,1
10,5,503,67,1029,stranger,1.6330331530790767,3.6020739816764387,0.6630000000000004,1
10,6,503,67,1029,stranger,2.424399025032672,3.6020739816764387,0.7840000000000005,1
10,7,503,67,1029,stranger,3.157989024206749,3.6020739816764387,0.6930000000000004,1
10,8,503,67,1029,stranger,2.3903965508427705,3.6020739816764387,0.6440000000000003,1
10,9,503,67,1029,stranger,-0.02979160031759953,3.6020739816764387,0.9920000000000007,2
10,10,503,67,1029,stranger,1.99913963978351,3.6020739816764387,1.1400000000000008,1
10,11,503,67,1029,stranger,2.6332172459507563,3.6020739816764387,0.8870000000000005,1
10,12,503,67,1029,stranger,3.496730293169077,3.6020739816764387,0.6900000000000004,1
10,13,503,67,1029,stranger,1.475569916799961,3.6020739816764387,1.2579999999999942,1
10,14,503,67,1029,stranger,2.2802889167183378,3.6020739816764387,0.9950000000000006,1
10,15,503,67,1029,stranger,3.834756763873912,3.6020739816764387,0.8860000000000006,1
10,16,503,67,1029,stranger,1.3386965556957056,3.6020739816764387,1.2499999999999951,1
10,17,503,67,1029,stranger,0.8929454494440238,3.6020739816764387,0.6990000000000004,1
10,18,503,67,1029,stranger,2.42220921444243,3.6020739816764387,0.6150000000000003,1
10,19,503,67,1029,stranger,0.8845775666215696,3.6020739816764387,0.9570000000000005,1
10,20,503,67,1029,stranger,2.719262748059288,3.6020739816764387,0.42800000000000016,1
10,21,503,67,1029,stranger,2.1818793078736496,3.6020739816764387,0.7200000000000004,1
10,22,503,67,1029,stranger,1.7457794156114181,3.6020739816764387,1.4089999999999776,1
10,23,503,67,1029,stranger,-1.7579446863398072,3.6020739816764387,1.0510000000000006,2
10,24,503,67,1029,stranger,2.4723813064666578,3.6020739816764387,0.8880000000000006,1
10,25,503,67,1029,stranger,3.2662318675689233,3.6020739816764387,0.6410000000000003,1
10,26,503,67,1029,stranger,2.060899453198314,3.6020739816764387,0.9350000000000005,1
10,27,503,67,1029,stranger,2.034755443105884,3.6020739816764387,0.9390000000000005,1
10,28,503,67,1029,stranger,3.1197125182166663,3.6020739816764387,0.6040000000000003,1
10,29,503,67,1029,stranger,2.2518946148900394,3.6020739816764387,0.4500000000000002,1
10,30,503,67,1029,stranger,1.2984036227082734,3.6020739816764387,1.0540000000000007,1
10,1,503,67,1029,self,6.698133476413994,3.6020739816764387,0.42500000000000016,1
10,2,503,67,1029,self,8.651411904510596,3.6020739816764387,0.43000000000000016,1
10,3,503,67,1029,self,7.806381961946599,3.6020739816764387,0.41600000000000015,1
10,4,503,67,1029,self,6.174175310838345,3.6020739816764387,0.4770000000000002,1
10,5,503,67,1029,self,6.059354052263263,3.6020739816764387,0.5020000000000002,1
10,6,503,67,1029,self,6.236153167904284,3.6020739816764387,0.8270000000000004,1
10,7,503,67,1029,self,6.612051739746779,3.6020739816764387,0.5310000000000002,1
10,8,503,67,1029,self,7.5707861115759805,3.6020739816764387,0.5090000000000002,1
10,9,503,67,1029,self,7.4237086665013035,3.6020739816764387,0.4600000000000002,1
10,10,503,67,1029,self,7.072425939985103,3.6020739816764387,0.4660000000000002,1
10,11,503,67,1029,self,8.146978500040033,3.6020739816764387,0.3850000000000001,1
10,12,503,67,1029,self,7.470992466807501,3.6020739816764387,0.42100000000000015,1
10,13,503,67,1029,self,6.307376021437901,3.6020739816764387,0.43000000000000016,1
10,14,503,67,1029,self,6.966692031411569,3.6020739816764387,0.42000000000000015,1
10,15,503,67,1029,self,7.390681730510191,3.6020739816764387,0.5180000000000002,1
10,16,503,67,1029,self,7.18466983493635,3.6020739816764387,0.5940000000000003,1
10,17,503,67,1029,self,7.025051576247549,3.6020739816764387,0.4640000000000002,1
10,18,503,67,1029,self,6.683513014119355,3.6020739816764387,0.7860000000000005,1
10,19,503,67,1029,self,9.23372668779545,3.6020739816764387,0.4680000000000002,1
10,20,503,67,1029,self,7.439845274072035,3.6020739816764387,0.3790000000000001,1
10,21,503,67,1029,self,7.359712159826502,3.6020739816764387,0.3780000000000001,1
10,22,503,67,1029,self,6.054116028716201,3.6020739816764387,0.6870000000000004,1
10,23,503,67,1029,self,5.972432947288432,3.6020739816764387,0.5770000000000003,1
10,24,503,67,1029,self,7.789922689208259,3.6020739816764387,0.4510000000000002,1
10,25,503,67,1029,self,7.285805047602516,3.6020739816764387,0.4670000000000002,1
10,26,503,67,1029,self,8.406290500898717,3.6020739816764387,0.40700000000000014,1
10,27,503,67,1029,self,4.403465117260115,3.6020739816764387,0.5380000000000003,1
10,28,503,67,1029,self,6.070714383177657,3.6020739816764387,0.6330000000000003,1
10,29,503,67,1029,self,6.856343513353704,3.6020739816764387,0.42100000000000015,1
10,30,503,67,1029,self,7.930384704199403,3.6020739816764387,0.3920000000000001,1
11,1,283,51,1403,stranger,1.1249647170822143,3.333547886066991,1.2099999999999995,1
11,2,283,51,1403,stranger,2.553744890332643,3.333547886066991,0.7540000000000004,1
11,3,283,51,1403,stranger,3.124488692823217,3.333547886066991,0.8890000000000005,1
11,4,283,51,1403,stranger,1.2798365395681432,3.333547886066991,1.4819999999999696,1
11,5,283,51,1403,stranger,2.882856641826031,3.333547886066991,0.7330000000000003,1
11,6,283,51,1403,stranger,0.7650597424172594,3.333547886066991,0.6930000000000004,1
11,7,283,51,1403,stranger,2.2305592917810477,3.333547886066991,0.9100000000000006,1
11,8,283,51,1403,stranger,1.863332742173038,3.333547886066991,1.1140000000000008,1
11,9,283,51,1403,stranger,1.0595039283449115,3.333547886066991,1.4099999999999775,1
11,10,283,51,1403,stranger,2.1184766504878683,3.333547886066991,1.1500000000000008,1
11,11,283,51,1403,stranger,0.6637193802094298,3.333547886066991,1.3159999999999878,1
11,12,283,51,1403,stranger,3.4962368809940036,3.333547886066991,0.5740000000000003,1
11,13,283,51,1403,stranger,2.0964198477782316,3.333547886066991,0.7740000000000005,1
11,14,283,51,1403,stranger,0.15177027458012238,3.333547886066991,1.3579999999999832,1
11,15,283,51,1403,stranger,2.101562782124043,3.333547886066991,1.1900000000000008,1
11,16,283,51,1403,stranger,3.719528245089707,3.333547886066991,0.4460000000000002,1
11,17,283,51,1403,stranger,1.131614307030342,3.333547886066991,1.1290000000000007,1
11,18,283,51,1403,stranger,2.313350951000051,3.333547886066991,0.3910000000000001,1
11,19,283,51,1403,stranger,-0.1116977472599654,3.333547886066991,0.7780000000000005,2
11,20,283,51,1403,stranger,2.565691219024563,3.333547886066991,0.9820000000000007,1
11,21,283,51,1403,stranger,2.449938579691694,3.333547886066991,0.6280000000000003,1
11,22,283,51,1403,stranger,2.009719574750541,3.333547886066991,0.7420000000000004,1
11,23,283,51,1403,stranger,4.009973184463225,3.333547886066991,0.8140000000000005,1
11,24,283,51,1403,stranger,1.8172002043557125,3.333547886066991,0.9240000000000006,1
11,25,283,51,1403,stranger,-0.23876103940595028,3.333547886066991,1.205,2
11,26,283,51,1403,stranger,1.8294992433822643,3.333547886066991,0.7190000000000003,1
11,27,283,51,1403,stranger,1.873043159971802,3.333547886066991,0.6380000000000003,1
11,28,283,51,1403,stranger,1.9217231977298725,3.333547886066991,0.9820000000000007,1
11,29,283,51,1403,stranger,1.7611630664278264,3.333547886066991,0.7670000000000003,1
11,30,283,51,1403,stranger,2.7088470920960597,3.333547886066991,1.2559999999999945,1
11,1,283,51,1403,self,5.73023081232551,3.333547886066991,0.43200000000000016,1
11,2,283,51,1403,self,5.739298088001238,3.333547886066991,0.3740000000000001,1
11,3,283,51,1403,self,6.698475782489819,3.333547886066991,0.5400000000000003,1
11,4,283,51,1403,self,7.386518312310782,3.333547886066991,0.40900000000000014,1
11,5,283,51,1403,self,7.8705843814763,3.333547886066991,0.3860000000000001,1
11,6,283,51,1403,self,6.486490693615663,3.333547886066991,0.5230000000000002,1
11,7,283,51,1403,self,5.421161412738221,3.333547886066991,0.4610000000000002,1
11,8,283,51,1403,self,6.02210127565233,3.333547886066991,0.3910000000000001,1
11,9,283,51,1403,self,6.590082486034733,3.333547886066991,0.39500000000000013,1
11,10,283,51,1403,self,7.107549431005158,3.333547886066991,0.4470000000000002,1
11,11,283,51,1403,self,6.018772234071274,3.333547886066991,0.4850000000000002,1
11,12,283,51,1403,self,5.735230537915911,3.333547886066991,0.5040000000000002,1
11,13,283,51,1403,self,6.454433017497802,3.333547886066991,0.5630000000000003,1
11,14,283,51,1403,self,4.915480748643313,3.333547886066991,0.41400000000000015,1
11,15,283,51,1403,self,6.7703756773802946,3.333547886066991,0.4630000000000002,1
11,16,283,51,1403,self,5.636926216433251,3.333547886066991,0.5530000000000003,1
11,17,283,51,1403,self,6.032412615299381,3.333547886066991,0.4640000000000002,1
11,18,283,51,1403,self,8.363813662175357,3.333547886066991,0.40400000000000014,1
11,19,283,51,1403,self,7.052600619236791,3.333547886066991,0.4620000000000002,1
11,20,283,51,1403,self,6.012854444016037,3.333547886066991,0.43100000000000016,1
11,21,283,51,1403,self,5.852432850826837,3.333547886066991,0.5990000000000003,1
11,22,283,51,1403,self,5.896858135380143,3.333547886066991,0.3840000000000001,1
11,23,283,51,1403,self,6.480446695933663,3.333547886066991,0.4770000000000002,1
11,24,283,51,1403,self,4.311062485917883,3.333547886066991,0.4910000000000002,1
11,25,283,51,1403,self,4.465642761589006,3.333547886066991,0.5820000000000003,1
11,26,283,51,1403,self,5.20206592304349,3.333547886066991,0.4980000000000002,1
11,27,283,51,1403,self,5.666630541683499,3.333547886066991,0.5080000000000002,1
11,28,283,51,1403,self,4.6939571845097605,3.333547886066991,0.7420000000000004,1
11,29,283,51,1403,self,7.972853169602188,3.333547886066991,0.3890000000000001,1
11,30,283,51,1403,self,5.672699834870608,3.333547886066991,0.5430000000000003,1
12,1,55,88,949,stranger,1.5734637633107544,3.474453900465491,0.8620000000000005,1
12,2,55,88,949,stranger,2.231359578694205,3.474453900465491,0.9140000000000006,1
12,3,55,88,949,stranger,1.4833377305571016,3.474453900465491,1.0010000000000006,1
12,4,55,88,949,stranger,1.7638282310183473,3.474453900465491,0.9290000000000005,1
12,5,55,88,949,stranger,0.4717275912921795,3.474453900465491,0.8510000000000004,2
12,6,55,88,949,stranger,2.2520730906079676,3.474453900465491,0.7760000000000005,1
12,7,55,88,949,stranger,1.8819551523377105,3.474453900465491,0.9240000000000006,1
12,8,55,88,949,stranger,1.8043508915052104,3.474453900465491,0.8810000000000004,1
12,9,55,88,949,stranger,0.5758849715400752,3.474453900465491,0.9410000000000005,1
12,10,55,88,949,stranger,1.7113137375257326,3.474453900465491,0.3870000000000001,1
12,11,55,88,949,stranger,1.3145084323166176,3.474453900465491,0.8500000000000005,1
12,12,55,88,949,stranger,1.304706448691578,3.474453900465491,0.8900000000000006,1
12,13,55,88,949,stranger,1.6303526967326247,3.474453900465491,0.8340000000000005,1
12,14,55,88,949,stranger,1.7416658904987359,3.474453900465491,0.7910000000000004,1
12,15,55,88,949,stranger,1.6355099485775653,3.474453900465491,0.6490000000000004,1
12,16,55,88,949,stranger,1.5526761242248925,3.474453900465491,0.6440000000000003,1
12,17,55,88,949,stranger,1.432708576259544,3.474453900465491,0.6060000000000003,1
12,18,55,88,949,stranger,1.8580479308703386,3.474453900465491,0.9670000000000005,1
12,19,55,88,949,stranger,2.291738129240198,3.474453900465491,0.6280000000000003,1
12,20,55,88,949,stranger,1.1693101265521406,3.474453900465491,0.8280000000000005,1
12,21,55,88,949,stranger,1.6647206725473782,3.474453900465491,0.7630000000000003,1
12,22,55,88,949,stranger,-0.4288732653165813,3.474453900465491,0.7520000000000004,2
12,23,55,88,949,stranger,1.8261764789850963,3.474453900465491,0.5370000000000003,1
12,24,55,88,949,stranger,1.3100239441800448,3.474453900465491,0.6500000000000004,1
12,25,55,88,949,stranger,1.435855882409995,3.474453900465491,0.6640000000000004,1
12,26,55,88,949,stranger,1.99480643265013,3.474453900465491,0.5580000000000003,1
12,27,55,88,949,stranger,0.6954956384368141,3.474453900465491,0.8730000000000004,1
12,28,55,88,949,stranger,-0.2543207991114511,3.474453900465491,0.7950000000000004,2
12,29,55,88,949,stranger,2.4095557800714937,3.474453900465491,0.5970000000000003,1
12,30,55,88,949,stranger,0.6656696929591448,3.474453900465491,0.8840000000000006,1
12,1,55,88,949,self,2.813063547258476,3.474453900465491,0.8530000000000004,1
12,2,55,88,949,self,4.914808029078531,3.474453900465491,0.4520000000000002,1
12,3,55,88,949,self,2.89026083443567,3.474453900465491,0.7150000000000003,1
12,4,55,88,949,self,3.820069740162778,3.474453900465491,0.5310000000000002,1
12,5,55,88,949,self,4.010142114289171,3.474453900465491,0.6210000000000003,1
12,6,55,88,949,self,2.7768468799532604,3.474453900465491,0.7610000000000003,1
12,7,55,88,949,self,1.5940311834882148,3.474453900465491,0.7640000000000005,1
12,8,55,88,949,self,2.8836850323701877,3.474453900465491,0.7860000000000005,1
12,9,55,88,949,self,4.377359876736705,3.474453900465491,0.5570000000000003,1
12,10,55,88,949,self,2.511571733982628,3.474453900465491,0.6250000000000003,1
12,11,55,88,949,self,2.439232042738453,3.474453900465491,0.5770000000000003,1
12,12,55,88,949,self,2.5064510084579927,3.474453900465491,0.5640000000000003,1
12,13,55,88,949,self,3.121229002520748,3.474453900465491,0.5250000000000002,1
12,14,55,88,949,self,2.4443847544858994,3.474453900465491,0.9790000000000005,1
12,15,55,88,949,self,4.417723481281413,3.474453900465491,0.6900000000000004,1
12,16,55,88,949,self,4.52070051169709,3.474453900465491,0.6530000000000004,1
12,17,55,88,949,self,2.662263732188495,3.474453900465491,1.0010000000000006,1
12,18,55,88,949,self,2.5306483116914698,3.474453900465491,0.9430000000000005,1
12,19,55,88,949,self,2.629493325045283,3.474453900465491,0.6810000000000004,1
12,20,55,88,949,self,3.9940639009371113,3.474453900465491,0.9410000000000005,1
12,21,55,88,949,self,3.8547199172627447,3.474453900465491,0.5230000000000002,1
12,22,55,88,949,self,3.064445692851806,3.474453900465491,0.42200000000000015,1
12,23,55,88,949,self,2.5305025784594215,3.474453900465491,0.4940000000000002,1
12,24,55,88,949,self,2.7139567760117904,3.474453900465491,0.9170000000000005,1
12,25,55,88,949,self,4.443821711044766,3.474453900465491,0.4840000000000002,1
12,26,55,88,949,self,5.180417564731868,3.474453900465491,0.39400000000000013,1
12,27,55,88,949,self,2.963188216886222,3.474453900465491,0.4980000000000002,1
12,28,55,88,949,self,1.9761020702155796,3.474453900465491,0.8530000000000004,1
12,29,55,88,949,self,2.953734502112774,3.474453900465491,0.43200000000000016,1
12,30,55,88,949,self,4.297218790820822,3.474453900465491,0.42400000000000015,1
13,1,368,27,988,stranger,1.287215898019889,3.850749583054303,0.8040000000000005,1
13,2,368,27,988,stranger,1.4028137338679951,3.850749583054303,0.6270000000000003,1
13,3,368,27,988,stranger,1.4266459407673624,3.850749583054303,0.8660000000000005,1
13,4,368,27,988,stranger,2.1820500073580655,3.850749583054303,0.6150000000000003,1
13,5,368,27,988,stranger,2.0613028633245305,3.850749583054303,1.2759999999999923,1
13,6,368,27,988,stranger,3.7127145665187076,3.850749583054303,0.4690000000000002,1
13,7,368,27,988,stranger,3.7222052145417672,3.850749583054303,0.4570000000000002,1
13,8,368,27,988,stranger,1.0139671872217226,3.850749583054303,0.9390000000000005,1
13,9,368,27,988,stranger,1.6368757168660835,3.850749583054303,0.8580000000000005,1
13,10,368,27,988,stranger,1.9218855381525288,3.850749583054303,0.9540000000000006,1
13,11,368,27,988,stranger,2.3729716856426957,3.850749583054303,1.1670000000000007,1
13,12,368,27,988,stranger,3.2528271363556898,3.850749583054303,0.8980000000000006,1
13,13,368,27,988,stranger,0.6534424549824731,3.850749583054303,0.8960000000000006,1
13,14,368,27,988,stranger,2.1740365871001908,3.850749583054303,0.6630000000000004,1
13,15,368,27,988,stranger,1.536923757363166,3.850749583054303,0.9780000000000006,1
13,16,368,27,988,stranger,1.492628377135885,3.850749583054303,0.6020000000000003,1
13,17,368,27,988,stranger,1.9968961504927039,3.850749583054303,0.5790000000000003,1
13,18,368,27,988,stranger,2.9423093226805586,3.850749583054303,0.5010000000000002,1
13,19,368,27,988,stranger,2.339686193419425,3.850749583054303,0.8380000000000005,1
13,20,368,27,988,stranger,2.0070802921080864,3.850749583054303,1.2539999999999947,1
13,21,368,27,988,stranger,1.3557485153581375,3.850749583054303,1.0260000000000007,1
13,22,368,27,988,stranger,2.9239194602675944,3.850749583054303,0.9660000000000006,1
13,23,368,27,988,stranger,0.2982010356614935,3.850749583054303,0.7660000000000005,1
13,24,368,27,988,stranger,0.3323435697883761,3.850749583054303,0.5420000000000003,1
13,25,368,27,988,stranger,1.6586075326741745,3.850749583054303,1.1130000000000007,1
13,26,368,27,988,stranger,2.5234857463773173,3.850749583054303,1.2629999999999937,1
13,27,368,27,988,stranger,3.6073566427790897,3.850749583054303,0.6890000000000004,1
13,28,368,27,988,stranger,2.391775971102117,3.850749583054303,0.9780000000000006,1
13,29,368,27,988,stranger,1.6731214809113342,3.850749583054303,0.5460000000000003,1
13,30,368,27,988,stranger,1.133553561555949,3.850749583054303,0.6000000000000003,1
13,1,368,27,988,self,7.536088658137377,3.850749583054303,0.4780000000000002,1
13,2,368,27,988,self,5.913744588857999,3.850749583054303,0.4440000000000002,1
13,3,368,27,988,self,6.250110011399507,3.850749583054303,0.41800000000000015,1
13,4,368,27,988,self,5.601065605066902,3.850749583054303,0.7180000000000004,1
13,5,368,27,988,self,3.7337451071799044,3.850749583054303,1.0360000000000007,1
13,6,368,27,988,self,5.874679718177833,3.850749583054303,0.6790000000000004,1
13,7,368,27,988,self,6.309537525522709,3.850749583054303,0.5390000000000003,1
13,8,368,27,988,self,5.165247438529719,3.850749583054303,0.5480000000000003,1
13,9,368,27,988,self,4.293467172006624,3.850749583054303,0.6180000000000003,1
13,10,368,27,988,self,6.340174850546113,3.850749583054303,0.5230000000000002,1
13,11,368,27,988,self,6.43729729629891,3.850749583054303,0.5170000000000002,1
13,12,368,27,988,self,6.940797567177268,3.850749583054303,0.3680000000000001,1
13,13,368,27,988,self,6.598970445582161,3.850749583054303,0.4960000000000002,1
13,14,368,27,988,self,6.456679879125773,3.850749583054303,0.4550000000000002,1
13,15,368,27,988,self,5.64260038669785,3.850749583054303,0.7720000000000005,1
13,16,368,27,988,self,6.367503512811031,3.850749583054303,0.6300000000000003,1
13,17,368,27,988,self,5.607375644758323,3.850749583054303,0.5380000000000003,1
13,18,368,27,988,self,5.469104865676313,3.850749583054303,0.5500000000000003,1
13,19,368,27,988,self,4.903885502461474,3.850749583054303,0.4840000000000002,1
13,20,368,27,988,self,3.6438678195871623,3.850749583054303,0.8580000000000005,1
13,21,368,27,988,self,6.591834092641987,3.850749583054303,0.43400000000000016,1
13,22,368,27,988,self,4.383656017070514,3.850749583054303,0.5740000000000003,1
13,23,368,27,988,self,4.927884771720225,3.850749583054303,0.5890000000000003,1
13,24,368,27,988,self,7.362466458807513,3.850749583054303,0.4850000000000002,1
13,25,368,27,988,self,5.031476633137215,3.850749583054303,0.6410000000000003,1
13,26,368,27,988,self,6.764785000820499,3.850749583054303,0.5280000000000002,1
13,27,368,27,988,self,5.9741815503630695,3.850749583054303,0.5590000000000003,1
13,28,368,27,988,self,6.274736212202979,3.850749583054303,0.4880000000000002,1
13,29,368,27,988,self,7.649528702584702,3.850749583054303,0.3890000000000001,1
13,30,368,27,988,self,5.7518130324825565,3.850749583054303,0.7630000000000003,1
14,1,373,8,597,stranger,2.2123754797144253,4.461509400094559,0.7640000000000005,1
14,2,373,8,597,stranger,5.042201420388054,4.461509400094559,0.6010000000000003,1
14,3,373,8,597,stranger,1.8121139036782712,4.461509400094559,0.8320000000000005,1
14,4,373,8,597,stranger,1.5296732464807197,4.461509400094559,0.9540000000000006,1
14,5,373,8,597,stranger,-1.30252413565939,4.461509400094559,0.8470000000000004,2
14,6,373,8,597,stranger,2.521690076840671,4.461509400094559,0.9430000000000005,1
14,7,373,8,597,stranger,1.3164696807531375,4.461509400094559,0.7970000000000004,1
14,8,373,8,597,stranger,2.202295450944405,4.461509400094559,0.8710000000000004,1
14,9,373,8,597,stranger,2.2040775737738763,4.461509400094559,0.7440000000000004,1
14,10,373,8,597,stranger,1.2592401631707582,4.461509400094559,0.9450000000000005,1
14,11,373,8,597,stranger,2.2129662153365124,4.461509400094559,0.8510000000000004,1
14,12,373,8,597,stranger,1.3571057563969884,4.461509400094559,0.7200000000000004,1
14,13,373,8,597,stranger,2.4372087415444885,4.461509400094559,0.8380000000000005,1
14,14,373,8,597,stranger,3.1231976652849847,4.461509400094559,0.5730000000000003,1
14,15,373,8,597,stranger,2.1738358760797496,4.461509400094559,0.5870000000000003,1
14,16,373,8,597,stranger,3.987566267149876,4.461509400094559,0.7480000000000004,1
14,17,373,8,597,stranger,-1.2850565964528093,4.461509400094559,0.8100000000000005,2
14,18,373,8,597,stranger,-0.12280656521771327,4.461509400094559,0.9660000000000006,2
14,19,373,8,597,stranger,2.0376170023612907,4.461509400094559,0.8750000000000004,1
14,20,373,8,597,stranger,2.0395517559892617,4.461509400094559,0.9640000000000006,1
14,21,373,8,597,stranger,0.9915356997844724,4.461509400094559,0.9590000000000005,1
14,22,373,8,597,stranger,2.80972011877379,4.461509400094559,0.7420000000000004,1
14,23,373,8,597,stranger,2.3902908256566935,4.461509400094559,0.7630000000000003,1
14,24,373,8,597,stranger,1.3334616210577301,4.461509400094559,0.9580000000000006,1
14,25,373,8,597,stranger,2.296278765249679,4.461509400094559,0.8710000000000004,1
14,26,373,8,597,stranger,2.4109256480420016,4.461509400094559,0.7500000000000004,1
14,27,373,8,597,stranger,2.8133167429955668,4.461509400094559,0.7690000000000003,1
14,28,373,8,597,stranger,2.2047721479927658,4.461509400094559,0.9130000000000005,1
14,29,373,8,597,stranger,1.5701292799714617,4.461509400094559,0.8730000000000004,1
14,30,373,8,597,stranger,1.1926283457943536,4.461509400094559,0.9130000000000005,1
14,1,373,8,597,self,5.482075878341892,4.461509400094559,0.7520000000000004,1
14,2,373,8,597,self,2.61138685498164,4.461509400094559,0.8290000000000004,1
14,3,373,8,597,self,4.283853491470275,4.461509400094559,0.7150000000000003,1
14,4,373,8,597,self,5.712015765361453,4.461509400094559,0.43500000000000016,1
14,5,373,8,597,self,2.116351389454106,4.461509400094559,0.7010000000000003,1
14,6,373,8,597,self,4.170397138021733,4.461509400094559,0.9520000000000006,1
14,7,373,8,597,self,5.013454330479705,4.461509400094559,0.8760000000000006,1
14,8,373,8,597,self,4.666337918096611,4.461509400094559,0.5860000000000003,1
14,9,373,8,597,self,2.86093202334607,4.461509400094559,0.9330000000000005,1
14,10,373,8,597,self,5.245683845642363,4.461509400094559,0.7160000000000004,1
14,11,373,8,597,self,4.808396670722698,4.461509400094559,0.7790000000000004,1
14,12,373,8,597,self,3.755064929440059,4.461509400094559,0.8410000000000004,1
14,13,373,8,597,self,4.940150542037545,4.461509400094559,0.4730000000000002,1
14,14,373,8,597,self,6.78756743101462,4.461509400094559,0.6960000000000004,1
14,15,373,8,597,self,5.181970505525162,4.461509400094559,0.9560000000000006,1
14,16,373,8,597,self,5.537580666321707,4.461509400094559,0.7360000000000004,1
14,17,373,8,597,self,3.886751452395487,4.461509400094559,0.8140000000000005,1
14,18,373,8,597,self,3.180652041003505,4.461509400094559,0.6380000000000003,1
14,19,373,8,597,self,3.586430730699947,4.461509400094559,0.8580000000000005,1
14,20,373,8,597,self,3.9549388310454687,4.461509400094559,0.4550000000000002,1
14,21,373,8,597,self,4.615829363288604,4.461509400094559,0.6650000000000004,1
14,22,373,8,597,self,5.193946806816754,4.461509400094559,0.7050000000000003,1
14,23,373,8,597,self,5.112769803355969,4.461509400094559,0.7290000000000003,1
14,24,373,8,597,self,5.164085423869234,4.461509400094559,0.4670000000000002,1
14,25,373,8,597,self,2.7467513069195286,4.461509400094559,0.6540000000000004,1
14,26,373,8,597,self,3.0950204506784225,4.461509400094559,0.7450000000000003,1
14,27,373,8,597,self,5.177845526591085,4.461509400094559,0.5940000000000003,1
14,28,373,8,597,self,4.533458873267986,4.461509400094559,0.4810000000000002,1
14,29,373,8,597,self,4.075688696858986,4.461509400094559,0.7550000000000003,1
14,30,373,8,597,self,5.03401826149897,4.461509400094559,0.6270000000000003,1
15,1,221,111,1187,stranger,1.818262554277367,3.1344430300614814,0.43400000000000016,1
15,2,221,111,1187,stranger,1.174673977465357,3.1344430300614814,0.7230000000000003,1
15,3,221,111,1187,stranger,4.097918752462477,3.1344430300614814,0.5160000000000002,1
15,4,221,111,1187,stranger,2.0566361215653677,3.1344430300614814,0.5590000000000003,1
15,5,221,111,1187,stranger,2.772787800539298,3.1344430300614814,0.5610000000000003,1
15,6,221,111,1187,stranger,0.5223897050712905,3.1344430300614814,1.0190000000000006,1
15,7,221,111,1187,stranger,2.534530428627683,3.1344430300614814,0.7770000000000004,1
15,8,221,111,1187,stranger,3.388986078154929,3.1344430300614814,0.5860000000000003,1
15,9,221,111,1187,stranger,1.8279996237100051,3.1344430300614814,0.8070000000000004,1
15,10,221,111,1187,stranger,0.509552905720949,3.1344430300614814,0.8850000000000005,1
15,11,221,111,1187,stranger,0.7722679695077213,3.1344430300614814,1.0180000000000007,1
15,12,221,111,1187,stranger,1.7508774302541497,3.1344430300614814,1.1500000000000008,1
15,13,221,111,1187,stranger,2.384651996376931,3.1344430300614814,0.7650000000000003,1
15,14,221,111,1187,stranger,1.9867502978227098,3.1344430300614814,0.8600000000000005,1
15,15,221,111,1187,stranger,2.279441888194522,3.1344430300614814,1.0690000000000006,1
15,16,221,111,1187,stranger,2.0878537569774536,3.1344430300614814,0.7120000000000004,1
15,17,221,111,1187,stranger,-0.7347115038999832,3.1344430300614814,0.6440000000000003,2
15,18,221,111,1187,stranger,1.4992897534671432,3.1344430300614814,0.7880000000000005,1
15,19,221,111,1187,stranger,3.3620664273773926,3.1344430300614814,0.6960000000000004,1
15,20,221,111,1187,stranger,1.0441356502201768,3.1344430300614814,0.7120000000000004,1
15,21,221,111,1187,stranger,2.9163369266976127,3.1344430300614814,0.6080000000000003,1
15,22,221,111,1187,stranger,2.327127426268622,3.1344430300614814,0.7060000000000004,1
15,23,221,111,1187,stranger,1.4342203592027232,3.1344430300614814,1.0020000000000007,1
15,24,221,111,1187,stranger,1.6416932016977694,3.1344430300614814,0.9310000000000005,1
15,25,221,111,1187,stranger,2.0342914831185586,3.1344430300614814,0.8440000000000005,1
15,26,221,111,1187,stranger,1.695225218984012,3.1344430300614814,0.9730000000000005,1
15,27,221,111,1187,stranger,1.6483612941317918,3.1344430300614814,0.6530000000000004,1
15,28,221,111,1187,stranger,2.201097802637709,3.1344430300614814,0.7740000000000005,1
15,29,221,111,1187,stranger,2.7594201895525177,3.1344430300614814,0.7940000000000005,1
15,30,221,111,1187,stranger,0.8269348680012363,3.1344430300614814,0.6350000000000003,2
15,1,221,111,1187,self,5.957925449957285,3.1344430300614814,0.4810000000000002,1
15,2,221,111,1187,self,5.1059344880733475,3.1344430300614814,0.39800000000000013,1
15,3,221,111,1187,self,5.649682152431719,3.1344430300614814,0.4710000000000002,1
15,4,221,111,1187,self,4.1332419968026946,3.1344430300614814,0.4760000000000002,1
15,5,221,111,1187,self,6.594314078490291,3.1344430300614814,0.4760000000000002,1
15,6,221,111,1187,self,5.997479487216484,3.1344430300614814,0.4910000000000002,1
15,7,221,111,1187,self,6.50829043133488,3.1344430300614814,0.4540000000000002,1
15,8,221,111,1187,self,6.713482628697332,3.1344430300614814,0.4510000000000002,1
15,9,221,111,1187,self,7.51595247714287,3.1344430300614814,0.41400000000000015,1
15,10,221,111,1187,self,4.489431271964864,3.1344430300614814,0.5050000000000002,1
15,11,221,111,1187,self,5.017609789284048,3.1344430300614814,0.6390000000000003,1
15,12,221,111,1187,self,4.690339980528854,3.1344430300614814,0.5760000000000003,1
15,13,221,111,1187,self,6.320890652979943,3.1344430300614814,0.4890000000000002,1
15,14,221,111,1187,self,6.002384686453398,3.1344430300614814,0.4750000000000002,1
15,15,221,111,1187,self,5.255821038219533,3.1344430300614814,0.3730000000000001,1
15,16,221,111,1187,self,4.457226192388776,3.1344430300614814,0.6430000000000003,1
15,17,221,111,1187,self,7.6200035362109535,3.1344430300614814,0.4780000000000002,1
15,18,221,111,1187,self,5.120006555906723,3.1344430300614814,0.39400000000000013,1
15,19,221,111,1187,self,4.892221590565418,3.1344430300614814,0.6610000000000004,1
15,20,221,111,1187,self,5.431082441527187,3.1344430300614814,0.5360000000000003,1
15,21,221,111,1187,self,4.299745720588615,3.1344430300614814,0.5050000000000002,1
15,22,221,111,1187,self,4.960191391512217,3.1344430300614814,0.43600000000000017,1
15,23,221,111,1187,self,4.981925526519966,3.1344430300614814,0.7280000000000004,1
15,24,221,111,1187,self,5.361080466209619,3.1344430300614814,0.3830000000000001,1
15,25,221,111,1187,self,5.3487464077845335,3.1344430300614814,0.5220000000000002,1
15,26,221,111,1187,self,7.099429140857081,3.1344430300614814,0.3930000000000001,1
15,27,221,111,1187,self,5.160051415744572,3.1344430300614814,0.3780000000000001,1
15,28,221,111,1187,self,6.55451183489472,3.1344430300614814,0.3630000000000001,1
15,29,221,111,1187,self,2.91465768620931,3.1344430300614814,1.0180000000000007,1
15,30,221,111,1187,self,5.793156076540127,3.1344430300614814,0.4590000000000002,1
16,1,212,8,451,stranger,1.7031207372506056,1.6882328524651893,0.5250000000000002,1
16,2,212,8,451,stranger,0.7438204060487124,1.6882328524651893,0.6520000000000004,1
16,3,212,8,451,stranger,0.3503349148687542,1.6882328524651893,0.5890000000000003,2
16,4,212,8,451,stranger,-0.7622487463762799,1.6882328524651893,0.2910000000000001,2
16,5,212,8,451,stranger,-0.15413863735620692,1.6882328524651893,0.4780000000000002,2
16,6,212,8,451,stranger,0.06909465037684548,1.6882328524651893,0.43400000000000016,2
16,7,212,8,451,stranger,-0.5190756437458233,1.6882328524651893,0.4510000000000002,2
16,8,212,8,451,stranger,2.336743496850387,1.6882328524651893,0.40200000000000014,1
16,9,212,8,451,stranger,2.2051087213472975,1.6882328524651893,0.5310000000000002,1
16,10,212,8,451,stranger,2.116673757543871,1.6882328524651893,0.42600000000000016,1
16,11,212,8,451,stranger,1.3978311031917214,1.6882328524651893,0.3390000000000001,1
16,12,212,8,451,stranger,-0.3436007643197989,1.6882328524651893,0.40600000000000014,2
16,13,212,8,451,stranger,0.9045577821481261,1.6882328524651893,0.6110000000000003,1
16,14,212,8,451,stranger,-0.44203325960455353,1.6882328524651893,0.4580000000000002,2
16,15,212,8,451,stranger,-1.0229445465161755,1.6882328524651893,0.5060000000000002,1
16,16,212,8,451,stranger,0.19021046038660727,1.6882328524651893,0.3750000000000001,1
16,17,212,8,451,stranger,1.169910843035159,1.6882328524651893,0.4600000000000002,1
16,18,212,8,451,stranger,1.9589452520042612,1.6882328524651893,0.3150000000000001,1
16,19,212,8,451,stranger,0.6187799530179501,1.6882328524651893,0.4720000000000002,1
16,20,212,8,451,stranger,1.0537642798128113,1.6882328524651893,0.3470000000000001,1
16,21,212,8,451,stranger,1.4754523286522332,1.6882328524651893,0.4690000000000002,1
16,22,212,8,451,stranger,-0.09971632226741944,1.6882328524651893,0.3850000000000001,2
16,23,212,8,451,stranger,0.11486964817106293,1.6882328524651893,0.3780000000000001,1
16,24,212,8,451,stranger,1.6591989937752492,1.6882328524651893,0.5190000000000002,1
16,25,212,8,451,stranger,1.2902055768346332,1.6882328524651893,0.39900000000000013,1
16,26,212,8,451,stranger,1.335995050455137,1.6882328524651893,0.4620000000000002,1
16,27,212,8,451,stranger,0.9647774967479632,1.6882328524651893,0.6090000000000003,2
16,28,212,8,451,stranger,1.911664763876244,1.6882328524651893,0.3420000000000001,1
16,29,212,8,451,stranger,3.0982081248949758,1.6882328524651893,0.4730000000000002,1
16,30,212,8,451,stranger,0.9496445748738988,1.6882328524651893,0.3850000000000001,1
16,1,212,8,451,self,3.631564749141085,1.6882328524651893,0.2830000000000001,1
16,2,212,8,451,self,4.455331999991436,1.6882328524651893,0.5160000000000002,1
16,3,212,8,451,self,5.208857074383404,1.6882328524651893,0.32600000000000007,1
16,4,212,8,451,self,3.670372486873949,1.6882328524651893,0.5860000000000003,1
16,5,212,8,451,self,3.3738170671234955,1.6882328524651893,0.3350000000000001,1
16,6,212,8,451,self,4.90251183445736,1.6882328524651893,0.42500000000000016,1
16,7,212,8,451,self,2.8751215408067736,1.6882328524651893,0.41700000000000015,1
16,8,212,8,451,self,4.217413598164614,1.6882328524651893,0.39800000000000013,1
16,9,212,8,451,self,3.0011174607614124,1.6882328524651893,0.3920000000000001,1
16,10,212,8,451,self,3.301483529000167,1.6882328524651893,0.4690000000000002,1
16,11,212,8,451,self,3.489068146684375,1.6882328524651893,0.3540000000000001,1
16,12,212,8,451,self,1.9748389868284828,1.6882328524651893,0.4750000000000002,1
16,13,212,8,451,self,3.87592302681353,1.6882328524651893,0.2760000000000001,1
16,14,212,8,451,self,4.17220751249175,1.6882328524651893,0.3390000000000001,1
16,15,212,8,451,self,1.8789940491108361,1.6882328524651893,0.44100000000000017,1
16,16,212,8,451,self,1.940273705599567,1.6882328524651893,0.32800000000000007,1
16,17,212,8,451,self,4.248235070425898,1.6882328524651893,0.33100000000000007,1
16,18,212,8,451,self,4.328558199645601,1.6882328524651893,0.3140000000000001,1
16,19,212,8,451,self,4.553465547763544,1.6882328524651893,0.33000000000000007,1
16,20,212,8,451,self,3.206773104852871,1.6882328524651893,0.2850000000000001,1
16,21,212,8,451,self,2.8697243378452226,1.6882328524651893,0.40500000000000014,1
16,22,212,8,451,self,5.629395010284191,1.6882328524651893,0.3670000000000001,1
16,23,212,8,451,self,2.990306847601432,1.6882328524651893,0.3240000000000001,1
16,24,212,8,451,self,5.144509257249811,1.6882328524651893,0.3180000000000001,1
16,25,212,8,451,self,3.7950767147231255,1.6882328524651893,0.5730000000000003,1
16,26,212,8,451,self,2.7189395813879154,1.6882328524651893,0.6150000000000003,1
16,27,212,8,451,self,5.0462755881708805,1.6882328524651893,0.3720000000000001,1
16,28,212,8,451,self,3.4890693437989824,1.6882328524651893,0.5560000000000003,1
16,29,212,8,451,self,1.9970312735188789,1.6882328524651893,0.5300000000000002,2
16,30,212,8,451,self,4.923898592266866,1.6882328524651893,0.3200000000000001,1
17,1,302,99,1148,stranger,1.4150015752645608,3.636763989109911,1.4099999999999775,1
17,2,302,99,1148,stranger,1.3800227022527878,3.636763989109911,1.0020000000000007,1
17,3,302,99,1148,stranger,1.4027430868603683,3.636763989109911,1.4439999999999737,1
17,4,302,99,1148,stranger,2.450027650761596,3.636763989109911,0.6870000000000004,1
17,5,302,99,1148,stranger,2.622997699636127,3.636763989109911,1.0820000000000007,1
17,6,302,99,1148,stranger,2.3875299210165393,3.636763989109911,0.9450000000000005,1
17,7,302,99,1148,stranger,1.6519007161346604,3.636763989109911,1.1420000000000008,1
17,8,302,99,1148,stranger,2.5486833297163622,3.636763989109911,0.6960000000000004,1
17,9,302,99,1148,stranger,2.5780982611113865,3.636763989109911,0.5110000000000002,1
17,10,302,99,1148,stranger,1.5846564963212668,3.636763989109911,0.7840000000000005,1
17,11,302,99,1148,stranger,1.74902912676272,3.636763989109911,1.1680000000000008,1
17,12,302,99,1148,stranger,2.498042731110956,3.636763989109911,0.8250000000000004,1
17,13,302,99,1148,stranger,2.0326275982331916,3.636763989109911,1.3429999999999849,1
17,14,302,99,1148,stranger,3.00456047463682,3.636763989109911,0.8150000000000004,1
17,15,302,99,1148,stranger,2.019107727920032,3.636763989109911,0.9120000000000006,1
17,16,302,99,1148,stranger,2.8601191673353243,3.636763989109911,0.8360000000000005,1
17,17,302,99,1148,stranger,2.747454263991491,3.636763989109911,0.4860000000000002,1
17,18,302,99,1148,stranger,1.1230086764794154,3.636763989109911,0.6480000000000004,1
17,19,302,99,1148,stranger,2.4218433156284576,3.636763989109911,0.9360000000000006,1
17,20,302,99,1148,stranger,2.1058387694486695,3.636763989109911,0.8540000000000005,1
17,21,302,99,1148,stranger,1.7495037408705572,3.636763989109911,0.9340000000000006,1
17,22,302,99,1148,stranger,1.8829238295841448,3.636763989109911,0.9430000000000005,1
17,23,302,99,1148,stranger,2.191551381017085,3.636763989109911,0.9070000000000005,1
17,24,302,99,1148,stranger,1.8066917041302795,3.636763989109911,1.431999999999975,1
17,25,302,99,1148,stranger,0.6732688010745791,3.636763989109911,0.43600000000000017,1
17,26,302,99,1148,stranger,1.884757158236277,3.636763989109911,0.9780000000000006,1
17,27,302,99,1148,stranger,1.6237932047000552,3.636763989109911,0.9820000000000007,1
17,28,302,99,1148,stranger,1.5370229894360614,3.636763989109911,1.3629999999999827,1
17,29,302,99,1148,stranger,0.49836334953110484,3.636763989109911,0.6690000000000004,1
17,30,302,99,1148,stranger,1.5802576009299572,3.636763989109911,1.2999999999999896,1
17,1,302,99,1148,self,6.110867969757376,3.636763989109911,0.41500000000000015,1
17,2,302,99,1148,self,7.65240572270525,3.636763989109911,0.3890000000000001,1
17,3,302,99,1148,self,6.1963620134232285,3.636763989109911,0.43100000000000016,1
17,4,302,99,1148,self,6.6859758634829625,3.636763989109911,0.40400000000000014,1
17,5,302,99,1148,self,5.534356546453885,3.636763989109911,0.41600000000000015,1
17,6,302,99,1148,self,6.174659201956327,3.636763989109911,0.4820000000000002,1
17,7,302,99,1148,self,6.909509618148754,3.636763989109911,0.5840000000000003,1
17,8,302,99,1148,self,6.158862170601772,3.636763989109911,0.4530000000000002,1
17,9,302,99,1148,self,5.615602340323728,3.636763989109911,0.6240000000000003,1
17,10,302,99,1148,self,5.971983344032856,3.636763989109911,0.6610000000000004,1
17,11,302,99,1148,self,5.54429801766568,3.636763989109911,0.5310000000000002,1
17,12,302,99,1148,self,6.867085101033,3.636763989109911,0.43200000000000016,1
17,13,302,99,1148,self,5.23271157007998,3.636763989109911,0.6080000000000003,1
17,14,302,99,1148,self,6.370244584234267,3.636763989109911,0.5150000000000002,1
17,15,302,99,1148,self,5.957238774080353,3.636763989109911,0.4910000000000002,1
17,16,302,99,1148,self,7.037943366488694,3.636763989109911,0.4640000000000002,1
17,17,302,99,1148,self,5.265297108657821,3.636763989109911,0.6270000000000003,1
17,18,302,99,1148,self,6.766296451182765,3.636763989109911,0.7190000000000003,1
17,19,302,99,1148,self,2.8844731998396473,3.636763989109911,0.5780000000000003,1
17,20,302,99,1148,self,7.24335946912898,3.636763989109911,0.4560000000000002,1
17,21,302,99,1148,self,5.87917605903726,3.636763989109911,0.5080000000000002,1
17,22,302,99,1148,self,5.929463398457192,3.636763989109911,0.44200000000000017,1
17,23,302,99,1148,self,6.152462034482709,3.636763989109911,0.42600000000000016,1
17,24,302,99,1148,self,6.393790694833998,3.636763989109911,0.5750000000000003,1
17,25,302,99,1148,self,5.0838688883249015,3.636763989109911,0.5390000000000003,1
17,26,302,99,1148,self,5.0247938201422135,3.636763989109911,0.5550000000000003,1
17,27,302,99,1148,self,5.62466915444127,3.636763989109911,0.4670000000000002,1
17,28,302,99,1148,self,8.711356696918731,3.636763989109911,0.3420000000000001,1
17,29,302,99,1148,self,7.732800319771794,3.636763989109911,0.5060000000000002,1
17,30,302,99,1148,self,5.823170361625925,3.636763989109911,0.3770000000000001,1
18,1,483,98,508,stranger,3.3647682098953884,3.9697583863637265,0.5120000000000002,1
18,2,483,98,508,stranger,1.0333490959659903,3.9697583863637265,0.6490000000000004,1
18,3,483,98,508,stranger,2.140531692851046,3.9697583863637265,0.8720000000000006,1
18,4,483,98,508,stranger,2.578193900169422,3.9697583863637265,0.8670000000000004,1
18,5,483,98,508,stranger,3.998953785768677,3.9697583863637265,0.7030000000000003,1
18,6,483,98,508,stranger,2.6535543339754506,3.9697583863637265,0.9110000000000005,1
18,7,483,98,508,stranger,3.076042732950357,3.9697583863637265,0.6090000000000003,1
18,8,483,98,508,stranger,2.1821404558885895,3.9697583863637265,0.9020000000000006,1
18,9,483,98,508,stranger,1.7703524025538788,3.9697583863637265,0.9590000000000005,1
18,10,483,98,508,stranger,2.0493117309728546,3.9697583863637265,0.7920000000000005,1
18,11,483,98,508,stranger,1.4840843126954952,3.9697583863637265,0.9230000000000005,1
18,12,483,98,508,stranger,2.729913610313322,3.9697583863637265,0.5460000000000003,1
18,13,483,98,508,stranger,2.360166085882736,3.9697583863637265,0.6030000000000003,1
18,14,483,98,508,stranger,1.446193022711661,3.9697583863637265,0.4660000000000002,1
18,15,483,98,508,stranger,3.2668357394909457,3.9697583863637265,0.7520000000000004,1
18,16,483,98,508,stranger,3.2563441099063017,3.9697583863637265,0.4900000000000002,1
18,17,483,98,508,stranger,2.124496028296161,3.9697583863637265,0.7560000000000004,1
18,18,483,98,508,stranger,1.1882252766432648,3.9697583863637265,0.6290000000000003,1
18,19,483,98,508,stranger,2.3472524362465155,3.9697583863637265,0.8270000000000004,1
18,20,483,98,508,stranger,3.3007486901493905,3.9697583863637265,0.8480000000000005,1
18,21,483,98,508,stranger,3.5655393435300953,3.9697583863637265,0.6070000000000003,1
18,22,483,98,508,stranger,3.074439176945469,3.9697583863637265,0.5330000000000003,1
18,23,483,98,508,stranger,3.3280325509783015,3.9697583863637265,0.8870000000000005,1
18,24,483,98,508,stranger,3.435890200131043,3.9697583863637265,0.8410000000000004,1
18,25,483,98,508,stranger,2.3344294769999445,3.9697583863637265,0.7530000000000003,1
18,26,483,98,508,stranger,2.4863874450656778,3.9697583863637265,0.8980000000000006,1
18,27,483,98,508,stranger,2.7174114627039336,3.9697583863637265,0.7870000000000004,1
18,28,483,98,508,stranger,1.5357054653520756,3.9697583863637265,0.5650000000000003,1
18,29,483,98,508,stranger,2.0934973090066524,3.9697583863637265,0.8170000000000004,1
18,30,483,98,508,stranger,3.4021740308129966,3.9697583863637265,0.6570000000000004,1
18,1,483,98,508,self,6.031747201553071,3.9697583863637265,0.7640000000000005,1
18,2,483,98,508,self,6.330577076409838,3.9697583863637265,0.39900000000000013,1
18,3,483,98,508,self,7.370818216752984,3.9697583863637265,0.4990000000000002,1
18,4,483,98,508,self,6.617582155718763,3.9697583863637265,0.4670000000000002,1
18,5,483,98,508,self,8.299754726735854,3.9697583863637265,0.4970000000000002,1
18,6,483,98,508,self,7.165517824650286,3.9697583863637265,0.5310000000000002,1
18,7,483,98,508,self,6.0624212831354125,3.9697583863637265,0.4440000000000002,1
18,8,483,98,508,self,7.67438232806685,3.9697583863637265,0.42800000000000016,1
18,9,483,98,508,self,6.22273241706152,3.9697583863637265,0.5430000000000003,1
18,10,483,98,508,self,7.081195074391047,3.9697583863637265,0.5840000000000003,1
18,11,483,98,508,self,7.466238600985465,3.9697583863637265,0.6020000000000003,1
18,12,483,98,508,self,9.590970063189136,3.9697583863637265,0.41600000000000015,1
18,13,483,98,508,self,6.474170370693428,3.9697583863637265,0.5920000000000003,1
18,14,483,98,508,self,8.205278813325688,3.9697583863637265,0.3930000000000001,1
18,15,483,98,508,self,7.8079414368404105,3.9697583863637265,0.4910000000000002,1
18,16,483,98,508,self,7.94096304643705,3.9697583863637265,0.41600000000000015,1
18,17,483,98,508,self,6.70981651173992,3.9697583863637265,0.5650000000000003,1
18,18,483,98,508,self,7.311717877269044,3.9697583863637265,0.4530000000000002,1
18,19,483,98,508,self,7.940637262007031,3.9697583863637265,0.4970000000000002,1
18,20,483,98,508,self,6.695617410290812,3.9697583863637265,0.40000000000000013,1
18,21,483,98,508,self,7.3229860889579825,3.9697583863637265,0.4920000000000002,1
18,22,483,98,508,self,6.275565601352688,3.9697583863637265,0.6060000000000003,1
18,23,483,98,508,self,6.161664460746607,3.9697583863637265,0.3830000000000001,1
18,24,483,98,508,self,6.316142155765503,3.9697583863637265,0.6190000000000003,1
18,25,483,98,508,self,7.061195752922979,3.9697583863637265,0.41700000000000015,1
18,26,483,98,508,self,7.50192249633363,3.9697583863637265,0.5070000000000002,1
18,27,483,98,508,self,6.950106131450994,3.9697583863637265,0.5000000000000002,1
18,28,483,98,508,self,7.194678753441718,3.9697583863637265,0.4750000000000002,1
18,29,483,98,508,self,7.218178808073909,3.9697583863637265,0.5560000000000003,1
18,30,483,98,508,self,8.797828288209736,3.9697583863637265,0.42900000000000016,1
19,1,437,147,526,stranger,2.5305650510533035,2.8923995602739323,0.4670000000000002,1
19,2,437,147,526,stranger,1.453549325582538,2.8923995602739323,0.9090000000000005,1
19,3,437,147,526,stranger,2.4185249850196757,2.8923995602739323,0.9400000000000006,1
19,4,437,147,526,stranger,0.8430448737876667,2.8923995602739323,0.9090000000000005,1
19,5,437,147,526,stranger,2.8401135507935593,2.8923995602739323,0.7450000000000003,1
19,6,437,147,526,stranger,2.665206859968661,2.8923995602739323,0.6860000000000004,1
19,7,437,147,526,stranger,2.7523786145023985,2.8923995602739323,0.4900000000000002,1
19,8,437,147,526,stranger,1.7520879609306579,2.8923995602739323,0.3930000000000001,1
19,9,437,147,526,stranger,0.46459900977116164,2.8923995602739323,0.6960000000000004,1
19,10,437,147,526,stranger,1.7947623009768698,2.8923995602739323,0.6840000000000004,1
19,11,437,147,526,stranger,0.5330970864105102,2.8923995602739323,0.6170000000000003,1
19,12,437,147,526,stranger,2.6107694968386883,2.8923995602739323,0.4940000000000002,1
19,13,437,147,526,stranger,2.643432759577363,2.8923995602739323,0.9610000000000005,1
19,14,437,147,526,stranger,1.0452397119882386,2.8923995602739323,0.8240000000000005,1
19,15,437,147,526,stranger,0.6890802614991469,2.8923995602739323,0.8330000000000004,1
19,16,437,147,526,stranger,2.6079844173906817,2.8923995602739323,0.7570000000000003,1
19,17,437,147,526,stranger,2.9418730445105563,2.8923995602739323,0.7000000000000004,1
19,18,437,147,526,stranger,0.7634885629380065,2.8923995602739323,0.7710000000000004,1
19,19,437,147,526,stranger,2.894164096181994,2.8923995602739323,0.5630000000000003,1
19,20,437,147,526,stranger,1.0280039387456235,2.8923995602739323,0.5580000000000003,1
19,21,437,147,526,stranger,2.452402415254713,2.8923995602739323,0.5770000000000003,1
19,22,437,147,526,stranger,1.942116920311832,2.8923995602739323,0.5080000000000002,1
19,23,437,147,526,stranger,0.6149151175737264,2.8923995602739323,0.9430000000000005,1
19,24,437,147,526,stranger,2.6330351484962304,2.8923995602739323,0.7270000000000003,1
19,25,437,147,526,stranger,2.725739495755879,2.8923995602739323,0.8770000000000004,1
19,26,437,147,526,stranger,2.3032833662053296,2.8923995602739323,0.6420000000000003,1
19,27,437,147,526,stranger,1.4555119464394082,2.8923995602739323,0.7970000000000004,1
19,28,437,147,526,stranger,1.861021190938796,2.8923995602739323,0.6900000000000004,1
19,29,437,147,526,stranger,2.3601559953131885,2.8923995602739323,0.40900000000000014,1
19,30,437,147,526,stranger,2.1361603968222265,2.8923995602739323,0.4720000000000002,1
19,1,437,147,526,self,8.744716714148026,2.8923995602739323,0.3710000000000001,1
19,2,437,147,526,self,6.8483164386597375,2.8923995602739323,0.42100000000000015,1
19,3,437,147,526,self,6.091958909612813,2.8923995602739323,0.3870000000000001,1
19,4,437,147,526,self,5.238497592821824,2.8923995602739323,0.5980000000000003,1
19,5,437,147,526,self,6.315819396623266,2.8923995602739323,0.40600000000000014,1
19,6,437,147,526,self,9.304764813238574,2.8923995602739323,0.3790000000000001,1
19,7,437,147,526,self,6.336031203431928,2.8923995602739323,0.42300000000000015,1
19,8,437,147,526,self,7.663808002110811,2.8923995602739323,0.41200000000000014,1
19,9,437,147,526,self,6.643838985541946,2.8923995602739323,0.3510000000000001,1
19,10,437,147,526,self,5.032515155792867,2.8923995602739323,0.4940000000000002,1
19,11,437,147,526,self,7.643338091362977,2.8923995602739323,0.4540000000000002,1
19,12,437,147,526,self,8.29714300204422,2.8923995602739323,0.5910000000000003,1
19,13,437,147,526,self,7.9149415154863485,2.8923995602739323,0.3750000000000001,1
19,14,437,147,526,self,6.56956929248647,2.8923995602739323,0.3600000000000001,1
19,15,437,147,526,self,6.4321863834329145,2.8923995602739323,0.5290000000000002,1
19,16,437,147,526,self,7.114046392856291,2.8923995602739323,0.5390000000000003,1
19,17,437,147,526,self,7.084149029359838,2.8923995602739323,0.4450000000000002,1
19,18,437,147,526,self,8.71086938757104,2.8923995602739323,0.3800000000000001,1
19,19,437,147,526,self,7.113684176291754,2.8923995602739323,0.3600000000000001,1
19,20,437,147,526,self,5.013984577736585,2.8923995602739323,0.4850000000000002,1
19,21,437,147,526,self,6.133241955294399,2.8923995602739323,0.39400000000000013,1
19,22,437,147,526,self,7.982505871866425,2.8923995602739323,0.41900000000000015,1
19,23,437,147,526,self,7.412678072703118,2.8923995602739323,0.3530000000000001,1
19,24,437,147,526,self,7.525559794319106,2.8923995602739323,0.3900000000000001,1
19,25,437,147,526,self,7.941996134261469,2.8923995602739323,0.3610000000000001,1
19,26,437,147,526,self,6.630766746005405,2.8923995602739323,0.3680000000000001,1
19,27,437,147,526,self,5.719240945992361,2.8923995602739323,0.6710000000000004,1
19,28,437,147,526,self,8.575900091371082,2.8923995602739323,0.3710000000000001,1
19,29,437,147,526,self,7.015870684849515,2.8923995602739323,0.41300000000000014,1
19,30,437,147,526,self,6.75495172742502,2.8923995602739323,0.39700000000000013,1
20,1,549,137,676,stranger,2.4715034462252383,3.3942695191285446,0.6090000000000003,1
20,2,549,137,676,stranger,3.038466026556775,3.3942695191285446,0.6240000000000003,1
20,3,549,137,676,stranger,2.6585177010098913,3.3942695191285446,0.7780000000000005,1
20,4,549,137,676,stranger,2.102065368428717,3.3942695191285446,0.8530000000000004,1
20,5,549,137,676,stranger,2.987796048527228,3.3942695191285446,0.6090000000000003,1
20,6,549,137,676,stranger,3.001896877047704,3.3942695191285446,0.6450000000000004,1
20,7,549,137,676,stranger,2.283211081970218,3.3942695191285446,0.5060000000000002,1
20,8,549,137,676,stranger,1.8680441773300998,3.3942695191285446,0.6600000000000004,1
20,9,549,137,676,stranger,1.1672686143280826,3.3942695191285446,0.8830000000000005,1
20,10,549,137,676,stranger,3.5919974729532536,3.3942695191285446,0.6180000000000003,1
20,11,549,137,676,stranger,2.6725506620544404,3.3942695191285446,0.6630000000000004,1
20,12,549,137,676,stranger,1.6193201546233322,3.3942695191285446,0.6680000000000004,1
20,13,549,137,676,stranger,2.0421416589275223,3.3942695191285446,0.7950000000000004,1
20,14,549,137,676,stranger,1.5417887911565065,3.3942695191285446,0.5780000000000003,1
20,15,549,137,676,stranger,1.112579537194149,3.3942695191285446,0.8870000000000005,1
20,16,549,137,676,stranger,1.7327101764950035,3.3942695191285446,1.0600000000000007,1
20,17,549,137,676,stranger,2.7552378197864194,3.3942695191285446,0.5060000000000002,1
20,18,549,137,676,stranger,1.3212032664219835,3.3942695191285446,0.8360000000000005,1
20,19,549,137,676,stranger,1.2549568763673085,3.3942695191285446,1.1650000000000007,1
20,20,549,137,676,stranger,0.17882257628796783,3.3942695191285446,0.6930000000000004,1
20,21,549,137,676,stranger,-0.1356904352218864,3.3942695191285446,0.5030000000000002,1
20,22,549,137,676,stranger,1.5410248823023702,3.3942695191285446,1.0880000000000007,1
20,23,549,137,676,stranger,2.1285268963646797,3.3942695191285446,0.4840000000000002,1
20,24,549,137,676,stranger,2.832601864843082,3.3942695191285446,0.7130000000000003,1
20,25,549,137,676,stranger,2.9594866968679185,3.3942695191285446,0.4970000000000002,1
20,26,549,137,676,stranger,3.1303072105817247,3.3942695191285446,0.9790000000000005,1
20,27,549,137,676,stranger,1.6001493808968823,3.3942695191285446,0.5430000000000003,1
20,28,549,137,676,stranger,1.7575839619768137,3.3942695191285446,0.8270000000000004,1
20,29,549,137,676,stranger,2.721010408801021,3.3942695191285446,0.9330000000000005,1
20,30,549,137,676,stranger,1.3971674476140277,3.3942695191285446,1.2079999999999997,1
20,1,549,137,676,self,10.08719559009092,3.3942695191285446,0.3870000000000001,1
20,2,549,137,676,self,8.870504576328976,3.3942695191285446,0.3620000000000001,1
20,3,549,137,676,self,5.806900528606528,3.3942695191285446,0.6010000000000003,1
20,4,549,137,676,self,7.453163719551551,3.3942695191285446,0.41600000000000015,1
20,5,549,137,676,self,6.0149086171334805,3.3942695191285446,0.42000000000000015,1
20,6,549,137,676,self,7.560317480331765,3.3942695191285446,0.3460000000000001,1
20,7,549,137,676,self,7.668488797219386,3.3942695191285446,0.4440000000000002,1
20,8,549,137,676,self,6.299776982394005,3.3942695191285446,0.5820000000000003,1
20,9,549,137,676,self,9.601098318397666,3.3942695191285446,0.3760000000000001,1
20,10,549,137,676,self,8.404921584395115,3.3942695191285446,0.42300000000000015,1
20,11,549,137,676,self,6.659972606801866,3.3942695191285446,0.3700000000000001,1
20,12,549,137,676,self,8.012982396350093,3.3942695191285446,0.6130000000000003,1
20,13,549,137,676,self,6.938460832017376,3.3942695191285446,0.3870000000000001,1
20,14,549,137,676,self,5.866922567549487,3.3942695191285446,0.42100000000000015,1
20,15,549,137,676,self,7.646404151937909,3.3942695191285446,0.5360000000000003,1
20,16,549,137,676,self,6.564570358586838,3.3942695191285446,0.42100000000000015,1
20,17,549,137,676,self,7.775665606172872,3.3942695191285446,0.42600000000000016,1
20,18,549,137,676,self,6.405174110514309,3.3942695191285446,0.7050000000000003,1
20,19,549,137,676,self,6.725524248149064,3.3942695191285446,0.3870000000000001,1
20,20,549,137,676,self,8.261305529054637,3.3942695191285446,0.3500000000000001,1
20,21,549,137,676,self,7.106535962500916,3.3942695191285446,0.3640000000000001,1
20,22,549,137,676,self,8.074142211261153,3.3942695191285446,0.5040000000000002,1
20,23,549,137,676,self,7.199924461601586,3.3942695191285446,0.3920000000000001,1
20,24,549,137,676,self,7.1066199417740386,3.3942695191285446,0.39600000000000013,1
20,25,549,137,676,self,7.939982274606425,3.3942695191285446,0.3510000000000001,1
20,26,549,137,676,self,7.6121558597968555,3.3942695191285446,0.4630000000000002,1
20,27,549,137,676,self,7.941907714005359,3.3942695191285446,0.32700000000000007,1
20,28,549,137,676,self,5.917377287976804,3.3942695191285446,0.5770000000000003,1
20,29,549,137,676,self,8.014844090925957,3.3942695191285446,0.3560000000000001,1
20,30,549,137,676,self,4.814206124846001,3.3942695191285446,0.4920000000000002,1
