subject,trial,P,T,W,M,label,v,a,t0,z,RT,response
1,1,-0.6248907619020772,0.00851616516818976,0.46549596787238157,1,Self,0.29847802253411837,0.9996752108194874,0.2,2.000649789405594,0.2,1
1,2,-0.8578234365545452,0.7216088523990221,-0.210553654964601,0,Other,0.3012819542575573,0.9969098007132925,0.2,2.0061995564382986,0.2,1
1,3,-0.20179311504323683,0.5931638945904294,-0.3434673943005535,0,Other,0.3020800125034896,0.9972954176705674,0.2,2.005423833864092,0.2,1
1,4,0.3173884547238661,-0.8816269704499506,-0.05935758795645141,0,Other,0.29800831014583407,1.0005362043454256,0.2,1.9989281660311806,0.2,1
1,5,0.4979491541845624,-0.9118192246072743,0.09865120308110553,1,Self,0.29795156404835876,1.0010724157701079,0.2,1.9978574661468764,0.2,1
1,6,0.45093946824440523,-0.7823922389632374,-0.13282928529047644,0,Other,0.29861652689076545,1.0003222083409402,0.2,1.999355790887669,0.2,1
1,7,0.10892682353003358,0.21260769945787383,0.5607038841900811,0,Other,0.30004819618356504,1.000133651209046,0.2,1.9997327333024253,0.2,1
1,8,0.08993580469091289,-0.5956827577446187,-0.6635457736390946,0,Other,0.29943121381971743,0.9985772864393565,0.2,2.0028494811167126,0.2,1
1,9,-0.39338075400696915,-0.9242527356357908,-0.5724545202532576,1,Self,0.2975839492756617,0.9989126087777984,0.2,2.0021771498580483,0.2,1
1,10,-0.018506938214509994,-0.593079047476972,0.3711069569499059,0,Other,0.2977244295987083,1.0008199983601789,0.2,1.9983613469724377,0.2,1
1,11,-0.21424429904565345,-0.40449828122240095,0.3838643143601068,0,Other,0.29797741573636716,1.000419038465498,0.2,1.999162274108376,0.2,1
1,12,-0.3045680808235529,-0.17875293527707914,-0.8999156502045562,0,Other,0.3004448010560077,0.9971242099837014,0.2,2.0057681680727533,0.2,1
1,13,-0.011329124251349576,-0.1939709507481593,-0.17284273556672836,1,Self,0.29974839638578726,0.9990028513146162,0.2,2.0019962879666893,0.2,1
1,14,0.6454698252623239,-0.22211408017716816,-0.8825793622967779,1,Self,0.30171375430281755,0.9979407637158211,0.2,2.004126970976737,0.2,1
1,15,-0.5795723007148383,-0.800839302754242,-0.3362664247601941,0,Other,0.297320640454426,0.9991192681551229,0.2,2.001763016434471,0.2,1
1,16,0.44040654072439445,0.270683582625308,0.8889677964635527,0,Other,0.3002272475302228,1.0010337185589386,0.2,1.9979346978233126,0.2,1
1,17,0.9347103772813392,0.558497534817125,-0.20674231147473865,0,Other,0.3034755663282812,0.9985074049697161,0.2,2.0029896524008834,0.2,1
1,18,0.7607476868444412,-0.19769873729897647,0.9918521900912025,0,Other,0.29914828878298044,1.0022079539793074,0.2,1.9955938206825428,0.2,1
1,19,0.1646200181538111,0.9025846569065874,0.15278321720676957,0,Other,0.3028134728647371,0.9982226407308246,0.2,2.0035610477996655,0.2,1
1,20,-0.40243073815474717,0.552834063970516,-0.8087901808310403,0,Other,0.3023560368223758,0.9961585309874006,0.2,2.007712565606986,0.2,1
1,21,-0.5267404980908381,-0.38878249236311135,0.5860170993871057,0,Other,0.29725263923370493,1.0006159320538064,0.2,1.9987688941699295,0.2,1
1,22,0.8205578785719316,0.6154115016491799,0.97475499490807,1,Self,0.3017029619072944,1.0009947629511164,0.2,1.9980124512376394,0.2,1
1,23,-0.9508559319055856,-0.8364050350759034,0.8623584778080402,1,Self,0.2948595314349014,1.0015910034487878,0.2,1.9968230476445785,0.2,1
1,24,-0.7185633597019332,0.6896757588238072,0.3395862211919769,1,Self,0.3005698411668453,0.998299922685596,0.2,2.0034059449986343,0.2,1
1,25,-0.10330403041736491,0.8036709887927254,-0.908439922837931,1,Self,0.30370657998191336,0.9957824499337911,0.2,2.008470826266298,0.2,1
1,26,-0.029150164759627284,-0.8174247666761758,-0.7771443710941335,0,Other,0.29875776440438545,0.998564988170968,0.2,2.002874148094578,0.2,1
1,27,0.9215822085637317,0.3347017736633462,0.3964376100652063,1,Self,0.3018798395880537,1.0001904018207282,0.2,1.9996192688504477,0.2,1
1,28,-0.8755721773357421,0.917615216925878,-0.9672921073369525,1,Self,0.3029783747871468,0.9949000549286132,0.2,2.010252175675581,0.2,1
1,29,0.7159562427098642,0.060258174644003404,0.22518843871078453,0,Other,0.30100496205066946,1.0000625385812159,0.2,1.9998749306592274,0.2,1
1,30,0.46816012884021396,-0.9880349326538562,0.4212356707207807,1,Self,0.2971944103057176,1.0018901609839737,0.2,1.996226809968635,0.2,1
1,31,-0.6057007392225882,0.1829524827667266,-0.7116270777499301,0,Other,0.3007957843190246,0.996779469518873,0.2,2.006461871616761,0.2,1
1,32,0.6759718170421252,-0.14679046552230868,0.692940316497509,1,Self,0.2996222149045678,1.0013955238951056,0.2,1.9972128417557182,0.2,1
1,33,-0.5174375821012351,-0.24775280395661037,-0.25009297068296,1,Self,0.29894376889608526,0.998530130437058,0.2,2.0029440665196527,0.2,1
1,34,-0.004143939113156803,-0.12099249034445125,-0.10511873956769913,1,Self,0.29987652344064347,0.9990511515001239,0.2,2.0018994993368486,0.2,1
1,35,0.46963951185283737,-0.7057352990175143,0.08743279507695711,0,Other,0.29854415648373694,1.0007168288674335,0.2,1.9985673692162351,0.2,1
1,36,0.5833970722549111,0.44990772799729095,-0.033358688725934504,1,Self,0.3023628519012132,0.9987969171576915,0.2,2.0024090639881673,0.2,1
1,37,-0.47651922606611885,-0.8044813943536739,0.5773611105742926,1,Self,0.29609400999007857,1.0012576463273362,0.2,1.9974878667205205,0.2,1
1,38,-0.8063138111628281,0.8295121240562675,-0.2809070521249981,1,Self,0.3017884466998067,0.9966283000329224,0.2,2.0067662135762476,0.2,1
1,39,-0.12262303745496705,-0.6317206597773972,-0.7700548904439446,0,Other,0.2991640273980333,0.9982322805886377,0.2,2.003541699553775,0.2,1
1,40,0.996997051967289,-0.3298996229036488,-0.02593499084542561,1,Self,0.30063273727289785,1.0002935252250171,0.2,1.9994131218135174,0.2,1
1,41,0.26224066406379287,0.682538570213765,0.08235083076236527,0,Other,0.30240544304117684,0.9984674508734751,0.2,2.0030698028767673,0.2,1
1,42,0.8119226420040411,0.1908887135508499,0.7358989560979776,0,Other,0.30077473914612624,1.0010876407659792,0.2,1.9978270818224326,0.2,1
1,43,0.16691356481073472,-0.5754085365811874,0.5368965017797134,0,Other,0.29780688262668265,1.0013055637513637,0.2,1.9973922770458352,0.2,1
1,44,-0.7581587012021862,0.3678357782164188,-0.4024708209187511,0,Other,0.30065801350436067,0.9970833866385596,0.2,2.005850289756152,0.2,1
1,45,0.37395468103185814,0.6167729082792968,0.48424323889905274,1,Self,0.30177290684894026,0.9995541414920666,0.2,2.0008921147728285,0.2,1
1,46,0.7060531069083846,-0.08477249213146032,-0.2737357459112617,0,Other,0.3013033978298115,0.9991500810220684,0.2,2.0017012839093447,0.2,1
1,47,-0.24351491351092003,-0.041370591250156075,-0.4693105945047109,0,Other,0.300302620387093,0.9979327647780745,0.2,2.0041430350718774,0.2,1
1,48,0.7749172770568458,-0.44859040016841756,0.6072747569652941,1,Self,0.2989937361090449,1.0017296630016896,0.2,1.996546647133306,0.2,1
1,49,-0.967670113767708,-0.7555610531055872,-0.5624251713148054,1,Self,0.29721357607205096,0.9982514225793915,0.2,2.00350328059857,0.2,1
1,50,-0.4293904869840346,0.49993349591024705,-0.09828194425977688,1,Self,0.301091172610932,0.9978162184062328,0.2,2.0043771218656983,0.2,1
1,51,-0.17390642957610436,-0.956876731043891,-0.17532767658132986,1,Self,0.29721962776795957,1.0000196830896604,0.2,1.999960634595512,0.2,1
1,52,0.9839976722206101,-0.2834531751253371,0.07982874343709923,0,Other,0.30059393206421847,1.0004520716045708,0.2,1.9990962653436346,0.2,1
1,53,0.9244310286223583,0.45150840126985514,0.9262471036305611,0,Other,0.301439830618298,1.0012093702299285,0.2,1.9975841811595296,0.2,1
1,54,0.9050189579934331,0.47817098645487977,-0.32947442841490804,1,Self,0.30337416027769565,0.9983294799134301,0.2,2.003346630787092,0.2,1
1,55,-0.9600515094742017,-0.4294466817380893,-0.6770642069044357,0,Other,0.2983752362877411,0.9975100399564545,0.2,2.004992350841209,0.2,1
1,56,0.430955658837344,0.04759183718273352,-0.057147866134296565,1,Self,0.3009629669943578,0.9992325341648598,0.2,2.0015361105826717,0.2,1
1,57,-0.17662974486628036,0.7553415994067711,0.27474982660818315,1,Self,0.3016769792587449,0.9984619912888444,0.2,2.00308075565134,0.2,1
1,58,0.581890423952742,-0.9627688179276614,-0.27260872118199964,0,Other,0.29848149629735726,1.0003764817679315,0.2,1.9992473198344964,0.2,1
1,59,0.6595891220994423,0.7936597062726962,0.1699774721474303,1,Self,0.30320332328529404,0.99879593959069,0.2,2.002411023836968,0.2,1
1,60,-0.5627817664515384,0.45627153178519,-0.5556839002821665,1,Self,0.3014461971932242,0.996752553966475,0.2,2.006516052596208,0.2,1
1,61,0.5594793991441949,0.43720407475346,-0.2833699304067694,1,Self,0.3026638615945711,0.9982355114468648,0.2,2.003535214952587,0.2,1
1,62,-0.7323458516853689,-0.5808158485759141,0.5564520788052509,1,Self,0.2964125781467263,1.0006832550015523,0.2,1.9986344230341873,0.2,1
1,63,-0.015479559103667606,0.6359329795356523,0.07883433930720574,0,Other,0.301854346356875,0.9983211578201933,0.2,2.0033633308613283,0.2,1
1,64,-0.4142301911655175,-0.726431866784573,-0.592197430906338,0,Other,0.2981757198368728,0.9985558194474415,0.2,2.002892538452898,0.2,1
1,65,0.4549213070920428,-0.14796009076712235,-0.20071501248369317,0,Other,0.3006276123011887,0.9992208102154859,0.2,2.001559594789356,0.2,1
1,66,-0.535206551732974,0.1526186795153739,0.5686396133724005,1,Self,0.298890131833464,0.9997583930663192,0.2,2.0004833306433962,0.2,1
1,67,-0.6074766522156407,-0.11265526817880178,-0.5044759746849481,1,Self,0.2995955722974654,0.9976876029950146,0.2,2.004635513156711,0.2,1
1,68,0.1724989676503763,0.2284510556233157,0.878418821249213,0,Other,0.2997145122554381,1.0008724075726083,0.2,1.9982567057179164,0.2,1
1,69,-0.8748654925077863,-0.057389894794217744,-0.9613195390290805,1,Self,0.30004555006163053,0.9963763302482885,0.2,2.0072736969791496,0.2,1
1,70,0.3061315358672585,0.9914249438021374,0.5451005362939052,1,Self,0.30270379371682954,0.9990782253252113,0.2,2.0018452502545308,0.2,1
1,71,-0.9698068047299728,-0.893385874376992,0.9104282774007006,0,Other,0.2945881447219669,1.0017704054154581,0.2,1.9964654467612788,0.2,1
1,72,-0.4163726010428481,0.3359304122061404,0.3964244956283469,0,Other,0.2998766343025516,0.9991850679267023,0.2,2.0016311934584627,0.2,1
1,73,-0.12548466067958786,0.9746483885314889,-0.4087191473442797,0,Other,0.30343669648630794,0.9966336399203823,0.2,2.0067554614750645,0.2,1
1,74,0.25182601730551823,0.4041317809929563,0.46533817502525654,1,Self,0.30098016315259374,0.9997389696928383,0.2,2.000522196923547,0.2,1
1,75,0.5609971885833531,0.5026786248012698,0.10213171838446677,1,Self,0.30228433351627026,0.9990058142069456,0.2,2.001990350364164,0.2,1
1,76,-0.4715983771148935,-0.36955657488515414,0.5986458339294212,0,Other,0.29737407667514126,1.0006568633603456,0.2,1.9986871356517961,0.2,1
1,77,-0.6416651344407933,0.18548861398439942,-0.7041931547418887,0,Other,0.30073829553001324,0.9967654192049716,0.2,2.0064901545192213,0.2,1
1,78,0.418535195409943,0.5209697423369901,-0.026626900934440423,0,Other,0.3023186499398565,0.9985818246817086,0.2,2.0028403787916798,0.2,1
1,79,0.6974311918284697,0.1020092514333335,0.3772058110211043,0,Other,0.30087440270047805,1.00032805376872,0.2,1.9993441076305236,0.2,1
1,80,-0.2592661711869091,0.7558617503980218,0.023455460963907715,1,Self,0.3019315182750098,0.9978338281003769,0.2,2.0043417487734345,0.2,1
1,81,-0.71937193058274,-0.39120888300801293,-0.35824142358497113,1,Self,0.2983727349589459,0.9983505306736308,0.2,2.0033043891412694,0.2,1
1,82,-0.3020488888770878,0.07118164576680264,0.17221366137383987,1,Self,0.299590190244884,0.9991634594844361,0.2,2.001674481802999,0.2,1
1,83,-0.13089976822953786,-0.9802968909398639,0.09257693076827533,0,Other,0.2968120631780951,1.0006898418625298,0.2,1.998621267382417,0.2,1
1,84,-0.7862510124572444,-0.6882398057645529,-0.4665831433887264,0,Other,0.29754387844922464,0.9985021480878233,0.2,2.0030001976761795,0.2,1
1,85,-0.05326812519826096,0.938363679732525,0.08584841554821443,1,Self,0.3026943893265884,0.9978549575130414,0.2,2.0042993071704625,0.2,1
1,86,0.9036345199732898,0.481033925025512,-0.34045969791126707,1,Self,0.30339714756283215,0.9982994305316519,0.2,2.0034069326623625,0.2,1
1,87,0.6963099565708823,-0.576345720160423,0.9242239622206334,0,Other,0.29801716340052126,1.00257538860578,0.2,1.9948624539659578,0.2,1
1,88,-0.8370041436430888,0.5826942468193299,-0.22125553839894896,0,Other,0.3009124964329401,0.9971096980550755,0.2,2.0057973600107633,0.2,1
1,89,-0.6137878067882803,-0.7176836182576265,0.6002033938287479,0,Other,0.2961142334553358,1.0010759019194846,0.2,1.9978505088027358,0.2,1
1,90,-0.5735819877162764,-0.8866902694446364,-0.339135237336329,1,Self,0.297076398916659,0.9992460825021339,0.2,2.0015089726366067,0.2,1
1,91,0.031795352052508274,-0.6965597477732919,0.8732014824974499,1,Self,0.29673638969525373,1.0021425739815408,0.2,1.9957240136540086,0.2,1
1,92,0.6047195906506102,0.8438689101078016,-0.9253251350889746,0,Other,0.30491429607148274,0.9962151324457192,0.2,2.007598494403491,0.2,1
1,93,-0.4569671858266977,0.7999263550482145,-0.6529465800872623,1,Self,0.302781714440045,0.9960976443301008,0.2,2.0078352874180796,0.2,1
1,94,-0.18561597307965516,0.5466273532025159,-0.4105115327827462,0,Other,0.3020652354466991,0.9972265086436527,0.2,2.0055624100087743,0.2,1
1,95,-0.08285420698881807,-0.4804113616336354,0.09267805736608747,0,Other,0.29838352453650474,0.9999762874847585,0.2,2.0000474261550765,0.2,1
1,96,-0.22903869127470422,0.19995844309892408,-0.9674027414923239,0,Other,0.30179544164516153,0.9964609838262872,0.2,2.0071031705830036,0.2,1
1,97,-0.7903859111191627,-0.8706567315355467,0.19460236102695672,1,Self,0.295998839352303,1.0002603332102216,0.2,1.9994794690910394,0.2,1
1,98,0.9626433974870305,0.7316001839978246,-0.22455581955835213,0,Other,0.30406340534429904,0.9982286220900705,0.2,2.003549042515372,0.2,1
1,99,0.6193415275388816,0.5471684869679669,-0.3593560456584193,0,Other,0.3031974791413274,0.9979444960478012,0.2,2.004119475502574,0.2,1
1,100,-0.396604707422227,0.421602874675681,0.1663644457783704,0,Other,0.3005083932950774,0.998553750677667,0.2,2.0028966879776906,0.2,1
1,101,0.88646276720005,-0.6067633379476187,-0.8062348918313191,0,Other,0.30080679377540487,0.9988702515085284,0.2,2.0022620525333803,0.2,1
1,102,-0.6312068506249615,-0.027974292024040226,0.7225669443812948,1,Self,0.2979734901262386,1.0003036134974685,0.2,1.9993929573114166,0.2,1
1,103,0.07873284710535278,0.8068159948605536,-0.9076041938942294,0,Other,0.30398777254472864,0.9959161246839631,0.2,2.008201243487915,0.2,1
1,104,-0.902085267043697,0.40397746208466034,-0.8994709398324316,0,Other,0.3012960430423947,0.9958030819862904,0.2,2.0084292127422185,0.2,1
1,105,-0.04763150056282983,-0.3998375254468094,-0.13558775393676958,1,Self,0.2990204649861028,0.9993682480343136,0.2,2.0012643026570616,0.2,1
1,106,-0.7710506726229065,0.42357715677153207,-0.11707882685458793,0,Other,0.300377812287491,0.9976322187178162,0.2,2.004746801953183,0.2,1
1,107,0.3355700047562964,0.16903627148475642,0.5521073288880731,1,Self,0.3002703414817641,1.0003496454008274,0.2,1.9993009536166981,0.2,1
1,108,0.13196236513884307,0.6688594996685806,0.5633042680063762,1,Self,0.301447595013148,0.9994724048322797,0.2,2.0010557473426367,0.2,1
1,109,-0.2029917902990348,0.6088307860737232,-0.28041609820810276,1,Self,0.302030640344244,0.9974128797209874,0.2,2.0051876616627133,0.2,1
1,110,-0.5391659628568743,0.7741428809210567,-0.04900962980405388,0,Other,0.30167521801027447,0.9974334448535443,0.2,2.005146318603408,0.2,1
1,111,0.5104455577462821,-0.5527696149351771,-0.2089797760068024,0,Other,0.2995088685513124,0.9998510704652315,0.2,2.000297903436157,0.2,1
1,112,-0.6166706280216117,-0.55886231151721,-0.8535105381100443,1,Self,0.29876672015057987,0.997564693316308,0.2,2.004882503761427,0.2,1
1,113,0.5539399760616117,0.16909768173635653,0.17177873532420307,0,Other,0.3011685689097508,0.9996575978856207,0.2,2.0006850387874877,0.2,1
1,114,0.17314634364831916,0.4811738210018872,0.8489662871584338,1,Self,0.30051782992964565,1.0004275525696347,0.2,1.9991452603068829,0.2,1
1,115,0.22000439566604046,-0.8434358394990062,0.5059581746522868,1,Self,0.29712889646418744,1.0016777880695877,0.2,1.9966500443764035,0.2,1
1,116,0.309376785515032,-0.7564843410312576,0.3468575701769827,0,Other,0.29776241106368395,1.0012564398519843,0.2,1.9974902736162774,0.2,1
1,117,-0.01877231588793271,0.29949667929137047,-0.21959215719890346,1,Self,0.30128775208031083,0.9981518845229933,0.2,2.0037030746636115,0.2,1
1,118,-0.23355059628898633,0.7637906893129571,0.9569397704278193,1,Self,0.30059367471501425,0.9999415512494065,0.2,2.0001169043340994,0.2,1
1,119,-0.9422879737063079,-0.1789131512310551,0.2881066912442245,0,Other,0.2977057573010823,0.9993191816498601,0.2,2.001362564359099,0.2,1
1,120,0.6202272662847723,0.6754569610163508,0.6549466295694863,0,Other,0.3020623020128943,1.0000348998698154,0.2,1.999930202696286,0.2,1
1,121,-0.6525692662953353,0.8150343340265656,0.3222834505917218,0,Other,0.3010708590865937,0.9981224507547011,0.2,2.0037621621352755,0.2,1
1,122,0.8779395364315599,0.737136166340215,0.4551519156815689,1,Self,0.3029335432690572,0.9996861293844415,0.2,2.0006279383225047,0.2,1
1,123,-0.6030693306297044,-0.38886464504544205,0.05747899851104754,0,Other,0.2979306594373582,0.9993696105331484,0.2,2.001261574216801,0.2,1
1,124,-0.35002193633117207,0.07366367786534211,0.7967273554648855,1,Self,0.2985889182500596,1.0005289018667247,0.2,1.9989427554451693,0.2,1
1,125,0.8987462120096132,0.4674507530139669,-0.2203339741249295,1,Self,0.3031689029009886,0.9985864204993806,0.2,2.0028311610724936,0.2,1
1,126,-0.34945343258852235,0.9624464327234041,0.49039469704971084,0,Other,0.301715589811759,0.9985069170365999,0.2,2.002990631187276,0.2,1
1,127,0.14085867784911899,0.3911762152703808,0.14164277575516304,1,Self,0.3012603852071822,0.9989468638290424,0.2,2.0021084928720247,0.2,1
1,128,0.8460560684490503,0.20462146687408023,0.8301962076602429,1,Self,0.3007256919074876,1.0013048000030624,0.2,1.9973938005629086,0.2,1
1,129,-0.27026167055225514,-0.43361316466073174,0.4874354917563746,0,Other,0.29765070706720553,1.000653727588321,0.2,1.9986933989844888,0.2,1
1,130,0.38009044776963297,-0.598900943378706,0.5733699904085703,0,Other,0.29800145017985363,1.0015827335634322,0.2,1.9968395350470927,0.2,1
1,131,-0.15047881042367806,-0.6937589877112518,0.7822503197932089,0,Other,0.2966078241485639,1.0017970585581573,0.2,1.9964123301365175,0.2,1
1,132,0.9604907220420851,0.1352648692293943,0.6966987730026815,0,Other,0.30088951930034163,1.0011942972875205,0.2,1.9976142547140827,0.2,1
1,133,0.9047520564076854,-0.337424908862032,0.42900269368132427,1,Self,0.29978938809210737,1.0012592085427678,0.2,1.997484750138577,0.2,1
1,134,0.4842659510575338,0.1792975293771948,-0.44843451905414455,1,Self,0.3020249550551555,0.9981945662182872,0.2,2.0036173985369463,0.2,1
1,135,0.8885443744653883,0.22741734481308873,-0.04344062788241998,0,Other,0.30216823487421035,0.9993368286895028,0.2,2.001327222797076,0.2,1
1,136,-0.11938681061957945,0.36851176498281624,0.8789893451724267,1,Self,0.2996960099603542,1.0004446973331127,0.2,1.9991110006694062,0.2,1
1,137,-0.2950952886116205,-0.8006960102171858,-0.6396072391355956,0,Other,0.298202743390104,0.9986498945021335,0.2,2.0027038614940014,0.2,1
1,138,-0.4451296857746778,-0.3267139415005831,-0.11141393496297214,0,Other,0.29860733524916866,0.9990148301796162,0.2,2.0019722826741355,0.2,1
1,139,-0.2708791558479289,-0.9992092881504373,0.932456826376193,1,Self,0.29528581707022583,1.0025028255539175,0.2,1.9950068458858765,0.2,1
1,140,0.04005578050829994,-0.06611941756439421,-0.8117494085464179,1,Self,0.30116738354968525,0.9974120907815281,0.2,2.0051892477390045,0.2,1
1,141,0.6907272460927478,-0.49996994287137086,-0.5452359297512421,0,Other,0.3004420734467473,0.9991505073889186,0.2,2.0017004297246497,0.2,1
1,142,-0.6442355884243318,-0.8738693591425191,0.6260937724150577,0,Other,0.2955612801607393,1.0013455847948038,0.2,1.9973124467411927,0.2,1
1,143,-0.7222675411716375,0.5836141399768309,-0.48449405446320104,0,Other,0.301482210829112,0.9966021127663754,0.2,2.006818944471616,0.2,1
1,144,-0.5909964809447454,-0.8533132457598189,0.28535296793659004,1,Self,0.29621379016357136,1.0005880425915006,0.2,1.9988246059987334,0.2,1
1,145,0.020217849370778085,-0.8184977360341454,0.9860643638664628,1,Self,0.2961839961024006,1.002570689079454,0.2,1.9948718048363965,0.2,1
1,146,-0.5525543265318302,0.22197719942189842,-0.4505088874536678,0,Other,0.3006009016159743,0.9973482815682753,0.2,2.0053175374755847,0.2,1
1,147,-0.6127720599557336,0.878794107261061,0.8647045303150924,0,Other,0.3005082058375961,0.9992771028520886,0.2,2.001446840212486,0.2,1
1,148,-0.19515869923518103,-0.21136834821431227,0.5621807448908098,0,Other,0.29831794500670517,1.000544867098333,0.2,1.9989108592402993,0.2,1
1,149,0.5392116218756744,-0.7447350008057363,-0.7280718571832572,1,Self,0.29975475902922644,0.9989926374270737,0.2,2.0020167567511225,0.2,1
1,150,-0.2732240239040695,0.3378605343157759,0.8732453368072897,0,Other,0.29938191754182064,1.0003623737830767,0.2,1.9992755149682284,0.2,1
1,151,-0.5541203010387987,0.002730940649823266,0.3833921519931984,1,Self,0.2986899729393777,0.9995522332655975,0.2,2.000895934638532,0.2,1
1,152,-0.5025480334068577,-0.7292431931748529,-0.7236018826444224,0,Other,0.29823191355498274,0.9981981402125912,0.2,2.0036102246935164,0.2,1
1,153,0.794754852321095,0.08573648032842462,0.09584042680952609,0,Other,0.30139361151297445,0.9997923890807385,0.2,2.000415308061011,0.2,1
1,154,0.8585812601559768,-0.37547418134485766,-0.879033183207806,0,Other,0.30156802579045955,0.9983386121324838,0.2,2.0033283053411455,0.2,1
1,155,0.043534644053950355,-0.734855449173069,0.3097109970792933,0,Other,0.2974842731813817,1.000941049018266,0.2,1.9981196714448088,0.2,1
1,156,-0.9218904935908805,-0.4536563060022285,0.9643225009098673,0,Other,0.295898022745852,1.0012680428366474,0.2,1.9974671261192858,0.2,1
1,157,0.10587555005982896,0.8909615615075748,-0.6226674686434701,1,Self,0.3038535401252031,0.9964513199494816,0.2,2.007122636057521,0.2,1
1,158,0.4906055451441218,-0.15710740529446232,-0.1691004582305924,0,Other,0.30060627494963565,0.9993324270768733,0.2,2.001336037748879,0.2,1
1,159,-0.18988377092473785,0.5622418743113122,-0.5969733439355609,1,Self,0.3023853537514841,0.99678036900463,0.2,2.0064600610033785,0.2,1
1,160,0.6842621947499015,-0.466440322211664,-0.13592389295221263,1,Self,0.2999189968587558,1.0000163134887385,0.2,1.999967373554774,0.2,1
1,161,0.7692727906325407,-0.42902723835692047,0.4662456237789978,1,Self,0.2992554998483891,1.0013787926905837,0.2,1.9972462115222571,0.2,1
1,162,0.17501366862295886,0.4623818334780583,-0.05493419805074384,0,Other,0.3018200867310898,0.9984233746330902,0.2,2.0031582300794777,0.2,1
1,163,0.11307609568073085,-0.35942463689603765,0.3898168198276626,1,Self,0.2985946660142696,1.0006103072282695,0.2,1.9987801300389159,0.2,1
1,164,-0.010488020456463243,-0.5228023950769838,0.3880058238636499,1,Self,0.29792192836786885,1.000758621945543,0.2,1.9984839062509034,0.2,1
1,165,-0.8286805591241391,-0.34685567214687874,0.9891383267154941,0,Other,0.2963209413456373,1.0012335867006885,0.2,1.997535866321158,0.2,1
1,166,0.6331503935473075,0.9498794113120943,0.30501293618615954,1,Self,0.30342974487513796,0.9988456107347504,0.2,2.0023114468399186,0.2,1
1,167,-0.8838533473863286,-0.4429801995872926,-0.5006998311703266,1,Self,0.29818439335368097,0.9979842988242777,0.2,2.004039544866782,0.2,1
1,168,0.44677469472650344,-0.5330263683878675,0.8075195695878179,1,Self,0.29794787856531835,1.0020607322593087,0.2,1.995887011249982,0.2,1
1,169,0.19499242787812143,-0.17519331403770422,-0.3304190994870375,1,Self,0.3003505759578611,0.9987748793388671,0.2,2.002453246845663,0.2,1
1,170,0.14582460166209077,-0.47910099648581994,-0.7479820948903781,1,Self,0.2999914457346563,0.9982543504291295,0.2,2.0034974043842033,0.2,1
1,171,-0.8388910007008523,0.6801390637465026,-0.4410057492944355,1,Self,0.30153161684807617,0.9964677163723299,0.2,2.0070896097678497,0.2,1
1,172,0.15054010106042992,-0.23998468328237754,-0.29694544830429126,0,Other,0.3000393129505756,0.9989140427518421,0.2,2.0021742756667353,0.2,1
1,173,-0.6931046915072512,0.9488743401586941,-0.7448854976475243,1,Self,0.30301224029029233,0.9954903310431796,0.2,2.009060196400089,0.2,1
1,174,0.7789016408247569,0.38544843226715897,-0.7881230001637571,0,Other,0.30359476120807055,0.9973420351569324,0.2,2.0053300968962957,0.2,1
1,175,-0.850385078510739,0.7232621991826254,-0.751573861809997,1,Self,0.3021095778503374,0.9956957119180572,0.2,2.0086457901353243,0.2,1
1,176,0.10434004348005743,0.2518518360928854,0.8743543020089692,0,Other,0.2996885730325211,1.0007770451594546,0.2,1.9984471163418205,0.2,1
1,177,-0.14509846253708214,0.48086876988758,0.18603356618594602,1,Self,0.3010339438079294,0.9986977366625973,0.2,2.002607922877155,0.2,1
1,178,-0.4067330686577537,-0.48838790902263307,-0.9634509639837923,1,Self,0.2994579527183499,0.997369074794082,0.2,2.005275730464094,0.2,1
1,179,-0.3876078013245745,0.8437544014540181,0.493072112039292,1,Self,0.3012982754450098,0.9986623630117842,0.2,2.0026788573150625,0.2,1
1,180,0.9639821556388679,0.13317735976393874,-0.8720050084794877,0,Other,0.30324143535632886,0.9976705082215055,0.2,2.0046698619620362,0.2,1
1,181,-0.025933285172252463,0.5060649123363732,-0.9010756389692549,1,Self,0.30291886292065684,0.9963034021839636,0.2,2.0074206267045422,0.2,1
1,182,0.5436276298918912,0.9028351553593037,0.8302275529473866,0,Other,0.30236660044134533,1.0000307649677938,0.2,1.9999384719573208,0.2,1
1,183,-0.7894140885699144,-0.9161336075301456,-0.2453622696763762,1,Self,0.2965237278507614,0.9993393625752307,0.2,2.0013221483101935,0.2,1
1,184,-0.7939802599896197,0.617653524142435,-0.9122905052364283,0,Other,0.30211843361424284,0.9955348379255071,0.2,2.008970378342153,0.2,1
1,185,-0.17060778197089244,0.782603047482396,0.37332465191094166,1,Self,0.3016199358528565,0.9986474083062808,0.2,2.002708847351866,0.2,1
1,186,0.0036046802951619217,-0.31112725998089497,0.5264337250159017,0,Other,0.29837043209683123,1.000763141409073,0.2,1.9984748810632684,0.2,1
1,187,-0.04376005976169872,0.826389617922906,-0.0028760180751383757,1,Self,0.30250582911809676,0.9978304201165876,0.2,2.0043485943897337,0.2,1
1,188,-0.39966330769130454,-0.49755031475543654,0.25185123608508975,0,Other,0.29761817172120447,1.000122527302007,0.2,1.9997549754181871,0.2,1
1,189,-0.22220716342205504,-0.18819754563459035,0.5542341361624923,1,Self,0.2983588032413641,1.0004719462631333,0.2,1.999056552730147,0.2,1
1,190,0.4131264614414203,-0.5693067059959387,0.6199491476535763,0,Other,0.29806991497191665,1.0016679163288125,0.2,1.996669721967485,0.2,1
1,191,0.6976132886924913,0.0911713812965067,0.7040652798288889,1,Self,0.30035187476511177,1.0010798593148533,0.2,1.9978426110468501,0.2,1
1,192,-0.8359597290922631,0.5175339574945825,-0.6647317937236075,1,Self,0.30138379058776005,0.9962104608384248,0.2,2.0076079087914533,0.2,1
1,193,0.28990282614842156,0.07087347464786675,0.06827076794143339,1,Self,0.3006331065874255,0.9993740139490384,0.2,2.0012527563098987,0.2,1
1,194,-0.3156628046288781,0.45702462611846784,0.8430172260741773,1,Self,0.2997210926912446,1.00008378917069,0.2,1.9998324356986938,0.2,1
1,195,0.5296822346068368,-0.33566771794300987,-0.6704229852755978,1,Self,0.3008811915039132,0.9985016002493896,0.2,2.0030012966433626,0.2,1
1,196,0.8574764120964224,-0.5007934305073327,-0.20863165155843189,1,Self,0.30018482047654993,1.0000341611909482,0.2,1.9999316799519977,0.2,1
1,197,-0.04769282416467968,-0.8827022708457308,-0.29075168570719434,1,Self,0.2978045642558452,0.9997433794332818,0.2,2.0005133728754747,0.2,1
1,198,-0.9790323337695179,0.21456341357480135,-0.15897600765127762,0,Other,0.29950164517429484,0.9976954829610541,0.2,2.0046196802096494,0.2,1
1,199,0.5385476783672252,0.3865947336444455,0.38573231121871787,1,Self,0.30147703600224823,0.9998012030139294,0.2,2.0003976730283406,0.2,1
1,200,-0.3719256596451279,-0.6686119382466027,-0.8663706325779006,1,Self,0.29882387780312675,0.9978839344359318,0.2,2.0042411055856197,0.2,1
1,201,-0.34552565694868975,-0.0869858183012826,0.5213051133440434,1,Self,0.29852684915882227,1.0001535546543248,0.2,1.999692937842174,0.2,1
1,202,0.9225495657765872,0.2630012448721919,0.05724885585592032,0,Other,0.3021749598113486,0.9995355078281687,0.2,2.000929416050142,0.2,1
1,203,0.5424063001431445,-0.3376300362368043,-0.0061726548347846855,1,Self,0.29989801702511604,1.0000086464940798,0.2,1.9999827071613627,0.2,1
1,204,0.4133244950974717,-0.956039148115214,0.5619107837098973,1,Self,0.2969971511725314,1.002117538405678,0.2,1.9957738721766174,0.2,1
1,205,-0.7006769433886815,0.6639898697523896,0.9695764203000485,0,Other,0.2995746287408929,0.9997693412506853,0.2,2.000461423930096,0.2,1
1,206,0.6764067432989318,-0.5450687773650558,-0.47378567637157065,0,Other,0.3001781209706504,0.9993681782696611,0.2,2.0012644423628396,0.2,1
1,207,0.5684840358864927,-0.7283177554023428,-0.3976932470265886,1,Self,0.29935235280884837,0.9997333168364314,0.2,2.0005335086049,0.2,1
1,208,0.5290153921356737,-0.8085791554819484,-0.6645508910724449,0,Other,0.29945265158437684,0.9992236786491095,0.2,2.001553848987926,0.2,1
1,209,-0.036533444500068235,0.7314890462919232,0.8293961694994265,0,Other,0.300983608733483,0.9998507941007841,0.2,2.000298456329877,0.2,1
1,210,0.6019347138198246,0.4733788237039587,-0.9410422820331923,0,Other,0.3038224477363737,0.9967333752231758,0.2,2.0065546611722374,0.2,1
1,211,0.3018713141453362,0.20305451265780894,0.8439805793145188,0,Other,0.2998840383476102,1.0009300435459747,0.2,1.9981416412626005,0.2,1
1,212,-0.30630616047113013,0.7029693959663696,-0.9791873432522984,1,Self,0.30320615634780934,0.995622089718545,0.2,2.0087943213126027,0.2,1
1,213,-0.7434514615396954,0.4454197362712251,-0.37441617795469884,0,Other,0.30087074318343016,0.997041166043778,0.2,2.005935229270347,0.2,1
1,214,0.8158890795042493,0.6052807992992357,0.45434624552579805,1,Self,0.302446146757569,0.9998355611264995,0.2,2.0003289318361817,0.2,1
1,215,-0.6150284292547927,-0.24739203852519376,0.6224228622713714,0,Other,0.2974897505938034,1.0004195477268851,0.2,1.999161256439184,0.2,1
1,216,-0.5154112685358785,0.9550498061007471,0.4386927685974482,1,Self,0.3015220211172657,0.9982772155846743,0.2,2.0034515150469834,0.2,1
1,217,-0.16325759797814698,0.16213447640509893,-0.8848654027932203,0,Other,0.30165683951203076,0.9967527442835055,0.2,2.006515669477948,0.2,1
1,218,0.7327442661253756,-0.8691019005653533,0.5953129947600566,1,Self,0.2976869311541839,1.0023018326460067,0.2,1.9954069072388503,0.2,1
1,219,0.0013093162918416112,-0.12132246609930575,0.7530619945030619,1,Self,0.2985964545512961,1.0009866185504481,0.2,1.9980287078125443,0.2,1
1,220,-0.6350683587630406,0.8052984453130432,0.33213671539424316,0,Other,0.3010531230714893,0.9981723496011303,0.2,2.0036619936418796,0.2,1
1,221,0.4893734717453533,-0.23098827435490654,0.2780496012336515,1,Self,0.2997120598554961,1.0004484031063967,0.2,1.9991035957376624,0.2,1
1,222,0.3404381247268946,-0.4343956864716614,-0.2879643293789371,0,Other,0.2997274554713322,0.9993682902000419,0.2,2.0012642182189544,0.2,1
1,223,0.7670464953475911,0.1164960207679735,0.26085255208266456,0,Other,0.3011968126045735,1.0000967433987016,0.2,1.9998065319193565,0.2,1
1,224,0.49527045982537854,0.002321755867760622,-0.8760831819243413,1,Self,0.3021520018409265,0.9975060861958638,0.2,2.005000297920281,0.2,1
1,225,-0.871918252339781,-0.989977320466948,-0.4068511820918035,0,Other,0.29642068880650874,0.9990249000162064,0.2,2.001952103463643,0.2,1
1,226,0.8951268905772449,-0.11645017105644584,0.5018622031590259,1,Self,0.3003285851423546,1.0010844697228936,0.2,1.9978334101553015,0.2,1
1,227,0.295344457097406,-0.04663531242118224,0.8916857502070319,0,Other,0.2990536248984374,1.001406997201625,0.2,1.9971899593161284,0.2,1
1,228,-0.07571277261637133,0.840939113458004,-0.2501109548261995,0,Other,0.30287237333880446,0.9972283696307894,0.2,2.0055586673095487,0.2,1
1,229,-0.4557903297400865,0.16741932939701587,-0.47517663357522033,0,Other,0.30061937556431045,0.9974471857218921,0.2,2.0051186956355194,0.2,1
1,230,-0.517047690727614,-0.9482792955714805,-0.42926863061386844,0,Other,0.2971116298642143,0.999178066637467,0.2,2.001645218985439,0.2,1
1,231,0.245032462824186,0.2542067733570328,-0.4173196997951203,0,Other,0.3018441671807272,0.9979727881816428,0.2,2.004062659508083,0.2,1
1,232,0.2148162251021699,0.22917598400218853,-0.8407869441097338,0,Other,0.3023589280068127,0.9970348985120878,0.2,2.0059478389218612,0.2,1
1,233,0.929032785082377,0.09934836504031397,-0.11998183464543088,1,Self,0.3019595814208305,0.9993870807161447,0.2,2.001226590368601,0.2,1
1,234,0.5758229156424957,0.19196772214547786,0.3371486059202724,1,Self,0.3010219502901005,1.0000117851265236,0.2,1.999976430024728,0.2,1
1,235,0.8616314510370173,-0.9744157003633156,0.6976525076611191,0,Other,0.29741083106267485,1.0027866689625902,0.2,1.9944421499630165,0.2,1
1,236,-0.37629297952103236,-0.8648438012134299,-0.4973521519236226,0,Other,0.2976751480623687,0.9990052915117587,0.2,2.0019913978368145,0.2,1
1,237,-0.8905537012201543,-0.06867618083616178,0.9278129481347663,0,Other,0.2971545536596569,1.0006319529354508,0.2,1.9987368923536832,0.2,1
1,238,0.5002381945954548,-0.09002319423629568,-0.772689599369158,0,Other,0.3017273444678006,0.9978809565851183,0.2,2.0042470865906354,0.2,1
1,239,-0.5561515661477059,0.7982934557445087,-0.17010093136825666,0,Other,0.30190382091736734,0.9971120364368597,0.2,2.0057926561060486,0.2,1
1,240,-0.7117633022661991,0.9206671460333988,-0.11095979699412828,0,Other,0.3019488109930883,0.9969448427001409,0.2,2.006129039780344,0.2,1
1,241,0.011729679036874607,-0.5101764484323055,-0.9377166639154348,0,Other,0.299981678849535,0.9977734961482632,0.2,2.0044629444665185,0.2,1
1,242,-0.30745629044514966,0.21966263981523615,0.5619686061755647,0,Other,0.2994428902449883,0.9998136297744191,0.2,2.0003728099318328,0.2,1
1,243,0.3550134891226291,-0.31269036445109344,-0.6631274918937353,1,Self,0.3006771782967766,0.9983525482940077,0.2,2.0033003405636767,0.2,1
1,244,0.6405979690633801,-0.43935551355661717,-0.32398976180680994,0,Other,0.3002168537236661,0.999519792409102,0.2,2.000960876602034,0.2,1
1,245,0.5276316219745569,0.26816852274486047,-0.07510266622197315,1,Self,0.30179662720263795,0.9989337778356295,0.2,2.002134720414962,0.2,1
1,246,0.8400254860146412,0.035298481470450005,0.9845050478950503,0,Other,0.29997721478257916,1.001901415008305,0.2,1.9962043870188781,0.2,1
1,247,0.11599241680240735,-0.4632341842694341,-0.08440098900343518,1,Self,0.2989989310165189,0.9997012304777869,0.2,2.000597717624235,0.2,1
1,248,-0.6155572983635387,0.22719797158211263,-0.8840328906447465,1,Self,0.3011723412574944,0.9963178295132308,0.2,2.0073915579500734,0.2,1
1,249,0.17959571283135234,0.16867498847979823,-0.4668246365051325,0,Other,0.3015636822642951,0.997940622663684,0.2,2.0041272542464883,0.2,1
1,250,-0.5708385541049825,0.993197402258782,0.7947590323802167,1,Self,0.30101923151240056,0.9989795706942143,0.2,2.0020429432907756,0.2,1
1,251,-0.8080296009265477,0.44289501622645777,0.23555372927832963,0,Other,0.29985134877842984,0.9983689205511546,0.2,2.00326748843092,0.2,1
1,252,-0.5371717398145768,0.9317977032836351,-0.29789334241827925,1,Self,0.3025244606210254,0.9966385083690831,0.2,2.006745658737224,0.2,1
1,253,0.9294485445732286,0.9136139210081562,-0.8866658834991774,1,Self,0.3055524476423474,0.9964410255339762,0.2,2.007143372010635,0.2,1
1,254,-0.8987720105463157,0.38938900152005007,0.2997061684555278,1,Self,0.29945848933612107,0.998525464988099,0.2,2.0029534249522993,0.2,1
1,255,-0.559494571679714,0.33650144184786446,0.19524008893319755,1,Self,0.2999654410173961,0.9986242054135599,0.2,2.002755380009781,0.2,1
1,256,-0.9051470373458568,-0.8164415363385176,0.6108267721917453,1,Self,0.29536514358717725,1.0010294239255542,0.2,1.9979432693965833,0.2,1
1,257,0.06301718872359019,-0.69952660935147,0.07646476996849727,1,Self,0.29796932270236,1.0003778788587792,0.2,1.9992445277594297,0.2,1
1,258,-0.4440612748810966,-0.9808625911711608,-0.26372539887370094,1,Self,0.2968750699413824,0.9996541530662649,0.2,2.0006919331704354,0.2,1
1,259,0.6960301558711819,-0.8300523133761519,-0.1748562917044607,0,Other,0.298904217551852,1.0004829527125914,0.2,1.9990345608362803,0.2,1
1,260,0.6873533190957426,0.4000354678854461,-0.45312776120350695,1,Self,0.30299877535826114,0.9980052171916285,0.2,2.003997539840493,0.2,1
