SubjectUID,DesignCell,P,T_ms,W_ms,Matching,Identity,RT_ms,n_rt
group1_1,P0_T30_W300,0,30.0,300.0,NonMatching,Stranger,256.55709166555124,12
group1_1,P0_T30_W300,0,30.0,300.0,NonMatching,Self,268.0805000012957,7
group1_1,P0_T30_W300,0,30.0,300.0,Matching,Stranger,252.24295454509874,11
group1_1,P0_T30_W300,0,30.0,300.0,Matching,Self,263.86808421069105,19
group1_10,P0_T30_W300,0,30.0,300.0,NonMatching,Stranger,257.7314869596865,23
group1_10,P0_T30_W300,0,30.0,300.0,NonMatching,Self,258.92054781560677,23
group1_10,P0_T30_W300,0,30.0,300.0,Matching,Stranger,259.85313809776153,21
group1_10,P0_T30_W300,0,30.0,300.0,Matching,Self,266.30811600945884,25
group1_11,P0_T30_W300,0,30.0,300.0,NonMatching,Stranger,252.19446666004066,27
group1_11,P0_T30_W300,0,30.0,300.0,NonMatching,Self,246.11814814205803,27
group1_11,P0_T30_W300,0,30.0,300.0,Matching,Stranger,267.43995416230365,24
group1_11,P0_T30_W300,0,30.0,300.0,Matching,Self,261.3753906152853,32
group1_2,P0_T30_W300,0,30.0,300.0,NonMatching,Stranger,269.48466315814966,19
group1_2,P0_T30_W300,0,30.0,300.0,NonMatching,Self,275.9909130441172,23
group1_2,P0_T30_W300,0,30.0,300.0,Matching,Stranger,255.67723529478403,17
group1_2,P0_T30_W300,0,30.0,300.0,Matching,Self,265.5414416673617,24
group1_3,P0_T30_W300,0,30.0,300.0,NonMatching,Stranger,281.378888888058,9
group1_3,P0_T30_W300,0,30.0,300.0,NonMatching,Self,273.7321714271923,7
group1_3,P0_T30_W300,0,30.0,300.0,Matching,Stranger,282.9697235292236,17
group1_3,P0_T30_W300,0,30.0,300.0,Matching,Self,266.591976471211,17
group1_4,P0_T30_W300,0,30.0,300.0,NonMatching,Stranger,250.0082378360644,37
group1_4,P0_T30_W300,0,30.0,300.0,NonMatching,Self,258.3993933318804,45
group1_4,P0_T30_W300,0,30.0,300.0,Matching,Stranger,239.4508714267951,14
group1_4,P0_T30_W300,0,30.0,300.0,Matching,Self,242.99586922727315,13
group1_5,P0_T30_W300,0,30.0,300.0,NonMatching,Stranger,234.0800249803575,4
group1_5,P0_T30_W300,0,30.0,300.0,NonMatching,Self,267.108250016463,4
group1_5,P0_T30_W300,0,30.0,300.0,Matching,Stranger,258.4196516132403,31
group1_5,P0_T30_W300,0,30.0,300.0,Matching,Self,265.0744393891231,33
group1_6,P0_T30_W300,0,30.0,300.0,NonMatching,Stranger,258.01080555862006,18
group1_6,P0_T30_W300,0,30.0,300.0,NonMatching,Self,268.23031113276045,9
group1_6,P0_T30_W300,0,30.0,300.0,Matching,Stranger,235.4139199946074,5
group1_6,P0_T30_W300,0,30.0,300.0,Matching,Self,262.94135000352964,8
group1_7,P0_T30_W300,0,30.0,300.0,NonMatching,Stranger,242.78749230478977,13
group1_7,P0_T30_W300,0,30.0,300.0,NonMatching,Self,240.5810812524577,16
group1_7,P0_T30_W300,0,30.0,300.0,Matching,Stranger,241.74383889314615,18
group1_7,P0_T30_W300,0,30.0,300.0,Matching,Self,239.3199181745082,11
group1_8,P0_T30_W300,0,30.0,300.0,NonMatching,Stranger,258.4330416660426,24
group1_8,P0_T30_W300,0,30.0,300.0,NonMatching,Self,262.87478571785397,21
group1_8,P0_T30_W300,0,30.0,300.0,Matching,Stranger,258.680785715114,7
group1_8,P0_T30_W300,0,30.0,300.0,Matching,Self,272.952739999164,5
group1_9,P0_T30_W300,0,30.0,300.0,NonMatching,Stranger,258.0553700041492,10
group1_9,P0_T30_W300,0,30.0,300.0,NonMatching,Self,261.5157200139947,10
group1_9,P0_T30_W300,0,30.0,300.0,Matching,Stranger,262.8180599975168,40
group1_9,P0_T30_W300,0,30.0,300.0,Matching,Self,255.44395152246574,33
group2_1,P0_T30_W600,0,30.0,600.0,NonMatching,Stranger,371.2930073175457,41
group2_1,P0_T30_W600,0,30.0,600.0,NonMatching,Self,361.36523953491417,43
group2_1,P0_T30_W600,0,30.0,600.0,Matching,Stranger,402.6528638890643,36
group2_1,P0_T30_W600,0,30.0,600.0,Matching,Self,352.3919055555274,36
group2_10,P0_T30_W600,0,30.0,600.0,NonMatching,Stranger,367.7013794162228,34
group2_10,P0_T30_W600,0,30.0,600.0,NonMatching,Self,375.9264749945335,48
group2_10,P0_T30_W600,0,30.0,600.0,Matching,Stranger,377.91344782580506,23
group2_10,P0_T30_W600,0,30.0,600.0,Matching,Self,364.82215000069124,16
group2_11,P0_T30_W600,0,30.0,600.0,NonMatching,Stranger,561.982475,12
group2_11,P0_T30_W600,0,30.0,600.0,NonMatching,Self,551.1771263157895,19
group2_11,P0_T30_W600,0,30.0,600.0,Matching,Stranger,499.6245125,8
group2_11,P0_T30_W600,0,30.0,600.0,Matching,Self,521.18435375,80
group2_12,P0_T30_W600,0,30.0,600.0,NonMatching,Stranger,303.91226274614206,51
group2_12,P0_T30_W600,0,30.0,600.0,NonMatching,Self,336.0906788472605,52
group2_12,P0_T30_W600,0,30.0,600.0,Matching,Stranger,371.3865400097954,15
group2_12,P0_T30_W600,0,30.0,600.0,Matching,Self,360.7118533303341,15
group2_2,P0_T30_W600,0,30.0,600.0,NonMatching,Stranger,515.3115666665449,6
group2_2,P0_T30_W600,0,30.0,600.0,NonMatching,Self,456.50504166648415,12
group2_2,P0_T30_W600,0,30.0,600.0,Matching,Stranger,463.3598500040535,4
group2_2,P0_T30_W600,0,30.0,600.0,Matching,Self,285.96532500523597,4
group2_3,P0_T30_W600,0,30.0,600.0,NonMatching,Stranger,559.6887242427329,33
group2_3,P0_T30_W600,0,30.0,600.0,NonMatching,Self,558.3618656260114,32
group2_3,P0_T30_W600,0,30.0,600.0,Matching,Stranger,557.5812363650501,11
group2_3,P0_T30_W600,0,30.0,600.0,Matching,Self,526.111640506925,79
group2_4,P0_T30_W600,0,30.0,600.0,NonMatching,Stranger,366.29882499983063,8
group2_4,P0_T30_W600,0,30.0,600.0,NonMatching,Self,461.8828125057916,16
group2_4,P0_T30_W600,0,30.0,600.0,Matching,Stranger,431.37386363973326,11
group2_4,P0_T30_W600,0,30.0,600.0,Matching,Self,436.92417499551084,8
group2_5,P0_T30_W600,0,30.0,600.0,NonMatching,Stranger,409.4993974984391,40
group2_5,P0_T30_W600,0,30.0,600.0,NonMatching,Self,385.0502000000673,31
group2_5,P0_T30_W600,0,30.0,600.0,Matching,Stranger,368.2819557669482,52
group2_5,P0_T30_W600,0,30.0,600.0,Matching,Self,394.99125555425593,63
group2_6,P0_T30_W600,0,30.0,600.0,NonMatching,Stranger,583.6734500002682,14
group2_6,P0_T30_W600,0,30.0,600.0,NonMatching,Self,524.7908915285518,59
group2_6,P0_T30_W600,0,30.0,600.0,Matching,Stranger,562.2214099984072,30
group2_6,P0_T30_W600,0,30.0,600.0,Matching,Self,556.3824000003349,28
group2_7,P0_T30_W600,0,30.0,600.0,NonMatching,Stranger,249.3448083332624,36
group2_7,P0_T30_W600,0,30.0,600.0,NonMatching,Self,256.78899354815877,31
group2_7,P0_T30_W600,0,30.0,600.0,Matching,Stranger,255.76798039244255,51
group2_7,P0_T30_W600,0,30.0,600.0,Matching,Self,271.5436253961848,63
group2_8,P0_T30_W600,0,30.0,600.0,NonMatching,Stranger,502.2068500053139,10
group2_8,P0_T30_W600,0,30.0,600.0,NonMatching,Self,479.3185473628048,19
group2_8,P0_T30_W600,0,30.0,600.0,Matching,Stranger,538.8885249994928,16
group2_8,P0_T30_W600,0,30.0,600.0,Matching,Self,573.6244624995724,8
group2_9,P0_T30_W600,0,30.0,600.0,NonMatching,Stranger,522.7019027709807,72
group2_9,P0_T30_W600,0,30.0,600.0,NonMatching,Self,534.110847219482,72
group2_9,P0_T30_W600,0,30.0,600.0,Matching,Stranger,515.4871623229195,69
group2_9,P0_T30_W600,0,30.0,600.0,Matching,Self,495.2762241796386,91
group3_1,P120_T30_W600,120,30.0,600.0,NonMatching,Stranger,445.7505190539882,21
group3_1,P120_T30_W600,120,30.0,600.0,NonMatching,Self,461.0913333289014,15
group3_1,P120_T30_W600,120,30.0,600.0,Matching,Stranger,444.61062857263477,49
group3_1,P120_T30_W600,120,30.0,600.0,Matching,Self,437.37684721903247,72
group3_10,P120_T30_W600,120,30.0,600.0,NonMatching,Stranger,374.441710342894,29
group3_10,P120_T30_W600,120,30.0,600.0,NonMatching,Self,369.13223902797097,41
group3_10,P120_T30_W600,120,30.0,600.0,Matching,Stranger,358.4951788518363,52
group3_10,P120_T30_W600,120,30.0,600.0,Matching,Self,400.5450560944154,41
group3_12,P120_T30_W600,120,30.0,600.0,NonMatching,Stranger,363.9433461523296,39
group3_12,P120_T30_W600,120,30.0,600.0,NonMatching,Self,375.73260322689094,62
group3_12,P120_T30_W600,120,30.0,600.0,Matching,Stranger,377.6446408189703,49
group3_12,P120_T30_W600,120,30.0,600.0,Matching,Self,348.66290952500316,21
group3_2,P120_T30_W600,120,30.0,600.0,NonMatching,Stranger,467.77893888929117,36
group3_2,P120_T30_W600,120,30.0,600.0,NonMatching,Self,483.34202592579663,54
group3_2,P120_T30_W600,120,30.0,600.0,Matching,Stranger,507.2778446813166,47
group3_2,P120_T30_W600,120,30.0,600.0,Matching,Self,518.6952179481009,39
group3_3,P120_T30_W600,120,30.0,600.0,NonMatching,Stranger,259.8540249994888,60
group3_3,P120_T30_W600,120,30.0,600.0,NonMatching,Self,278.74707894768926,57
group3_3,P120_T30_W600,120,30.0,600.0,Matching,Stranger,274.25057611928366,67
group3_3,P120_T30_W600,120,30.0,600.0,Matching,Self,281.1738153847657,52
group3_4,P120_T30_W600,120,30.0,600.0,NonMatching,Stranger,494.57193409034517,44
group3_4,P120_T30_W600,120,30.0,600.0,NonMatching,Self,520.807241666383,60
group3_4,P120_T30_W600,120,30.0,600.0,Matching,Stranger,550.852320001577,25
group3_4,P120_T30_W600,120,30.0,600.0,Matching,Self,580.6439789486926,19
group3_5,P120_T30_W600,120,30.0,600.0,NonMatching,Stranger,294.7224941191391,51
group3_5,P120_T30_W600,120,30.0,600.0,NonMatching,Self,302.45581551721915,58
group3_5,P120_T30_W600,120,30.0,600.0,Matching,Stranger,292.3196196976333,66
group3_5,P120_T30_W600,120,30.0,600.0,Matching,Self,295.8121926475381,68
group3_6,P120_T30_W600,120,30.0,600.0,NonMatching,Stranger,485.8140666687785,15
group3_6,P120_T30_W600,120,30.0,600.0,NonMatching,Self,516.9891807706265,26
group3_6,P120_T30_W600,120,30.0,600.0,Matching,Stranger,480.11891666707635,12
group3_6,P120_T30_W600,120,30.0,600.0,Matching,Self,465.9863625010985,16
group3_7,P120_T30_W600,120,30.0,600.0,NonMatching,Stranger,429.56381538197786,13
group3_7,P120_T30_W600,120,30.0,600.0,NonMatching,Self,532.1515363651665,22
group3_7,P120_T30_W600,120,30.0,600.0,Matching,Stranger,431.0325799965841,15
group3_7,P120_T30_W600,120,30.0,600.0,Matching,Self,515.1694755551741,45
group3_8,P120_T30_W600,120,30.0,600.0,NonMatching,Stranger,378.6093290292493,31
group3_8,P120_T30_W600,120,30.0,600.0,NonMatching,Self,412.4275952379407,42
group3_8,P120_T30_W600,120,30.0,600.0,Matching,Stranger,349.8583119016119,42
group3_8,P120_T30_W600,120,30.0,600.0,Matching,Self,359.93006122531295,49
group4_1,P120_T80_W600,120,80.0,600.0,NonMatching,Stranger,504.56019032325486,62
group4_1,P120_T80_W600,120,80.0,600.0,NonMatching,Self,541.0358650787924,63
group4_1,P120_T80_W600,120,80.0,600.0,Matching,Stranger,512.28506849263,73
group4_1,P120_T80_W600,120,80.0,600.0,Matching,Self,495.7744527776715,72
group4_10,P120_T80_W600,120,80.0,600.0,NonMatching,Stranger,576.4551303582265,56
group4_10,P120_T80_W600,120,80.0,600.0,NonMatching,Self,573.6148523795973,84
group4_10,P120_T80_W600,120,80.0,600.0,Matching,Stranger,609.3478447337953,38
group4_10,P120_T80_W600,120,80.0,600.0,Matching,Self,604.1546270801822,48
group4_12,P120_T80_W600,120,80.0,600.0,NonMatching,Stranger,507.8275592532009,27
group4_12,P120_T80_W600,120,80.0,600.0,NonMatching,Self,550.7915867655196,68
group4_12,P120_T80_W600,120,80.0,600.0,Matching,Stranger,601.4896785657454,28
group4_12,P120_T80_W600,120,80.0,600.0,Matching,Self,619.3723151527317,33
group4_14,P120_T80_W600,120,80.0,600.0,NonMatching,Stranger,515.6729533333333,30
group4_14,P120_T80_W600,120,80.0,600.0,NonMatching,Self,490.82686333333334,30
group4_14,P120_T80_W600,120,80.0,600.0,Matching,Stranger,454.6442948275862,58
group4_14,P120_T80_W600,120,80.0,600.0,Matching,Self,498.9097242424242,66
group4_2,P120_T80_W600,120,80.0,600.0,NonMatching,Stranger,489.23178571567405,42
group4_2,P120_T80_W600,120,80.0,600.0,NonMatching,Self,450.9340752809887,89
group4_2,P120_T80_W600,120,80.0,600.0,Matching,Stranger,520.7039907691069,65
group4_2,P120_T80_W600,120,80.0,600.0,Matching,Self,509.3539644070207,59
group4_3,P120_T80_W600,120,80.0,600.0,NonMatching,Stranger,557.7929157891623,38
group4_3,P120_T80_W600,120,80.0,600.0,NonMatching,Self,619.6298060619456,33
group4_3,P120_T80_W600,120,80.0,600.0,Matching,Stranger,498.6675730777698,26
group4_3,P120_T80_W600,120,80.0,600.0,Matching,Self,528.2165178224286,101
group4_5,P120_T80_W600,120,80.0,600.0,NonMatching,Stranger,532.273028846528,104
group4_5,P120_T80_W600,120,80.0,600.0,NonMatching,Self,537.638057407161,108
group4_5,P120_T80_W600,120,80.0,600.0,Matching,Stranger,508.39927247733436,109
group4_5,P120_T80_W600,120,80.0,600.0,Matching,Self,465.1399887094862,124
group4_6,P120_T80_W600,120,80.0,600.0,NonMatching,Stranger,537.9367181793151,11
group4_6,P120_T80_W600,120,80.0,600.0,NonMatching,Self,593.3662060609398,33
group4_6,P120_T80_W600,120,80.0,600.0,Matching,Stranger,599.1174444465692,18
group4_6,P120_T80_W600,120,80.0,600.0,Matching,Self,597.8453260854027,23
group4_7,P120_T80_W600,120,80.0,600.0,NonMatching,Stranger,582.7737499999142,34
group4_7,P120_T80_W600,120,80.0,600.0,NonMatching,Self,605.5873435909281,39
group4_7,P120_T80_W600,120,80.0,600.0,Matching,Stranger,562.2411530612783,49
group4_7,P120_T80_W600,120,80.0,600.0,Matching,Self,510.29713551468154,107
group4_8,P120_T80_W600,120,80.0,600.0,NonMatching,Stranger,588.866070000222,40
group4_8,P120_T80_W600,120,80.0,600.0,NonMatching,Self,552.5472283963024,81
group4_8,P120_T80_W600,120,80.0,600.0,Matching,Stranger,602.9831310357811,29
group4_8,P120_T80_W600,120,80.0,600.0,Matching,Self,596.2828899995657,40
group4_9,P120_T80_W600,120,80.0,600.0,NonMatching,Stranger,427.81871714063794,35
group4_9,P120_T80_W600,120,80.0,600.0,NonMatching,Self,480.0770878039369,41
group4_9,P120_T80_W600,120,80.0,600.0,Matching,Stranger,430.38818305082043,59
group4_9,P120_T80_W600,120,80.0,600.0,Matching,Self,464.1199318196441,66
group5_1,P8_T100_W1100,8,100.0,1100.0,NonMatching,Stranger,689.4221037466195,80
group5_1,P8_T100_W1100,8,100.0,1100.0,NonMatching,Self,698.0235093025502,86
group5_1,P8_T100_W1100,8,100.0,1100.0,Matching,Stranger,715.1160265873127,79
group5_1,P8_T100_W1100,8,100.0,1100.0,Matching,Self,586.8747981650746,109
group5_10,P8_T100_W1100,8,100.0,1100.0,NonMatching,Stranger,578.222363270173,98
group5_10,P8_T100_W1100,8,100.0,1100.0,NonMatching,Self,545.1917426144381,115
group5_10,P8_T100_W1100,8,100.0,1100.0,Matching,Stranger,661.1536680460114,97
group5_10,P8_T100_W1100,8,100.0,1100.0,Matching,Self,636.3267392468439,107
group5_11,P8_T100_W1100,8,100.0,1100.0,NonMatching,Stranger,608.3821493545668,77
group5_11,P8_T100_W1100,8,100.0,1100.0,NonMatching,Self,605.6684642730814,70
group5_11,P8_T100_W1100,8,100.0,1100.0,Matching,Stranger,596.7935931720687,44
group5_11,P8_T100_W1100,8,100.0,1100.0,Matching,Self,574.619574996177,80
group5_12,P8_T100_W1100,8,100.0,1100.0,NonMatching,Stranger,836.2381930540625,72
group5_12,P8_T100_W1100,8,100.0,1100.0,NonMatching,Self,681.218707075606,99
group5_12,P8_T100_W1100,8,100.0,1100.0,Matching,Stranger,769.2848169015275,71
group5_12,P8_T100_W1100,8,100.0,1100.0,Matching,Self,805.7630377972897,82
group5_2,P8_T100_W1100,8,100.0,1100.0,NonMatching,Stranger,857.9466424258003,66
group5_2,P8_T100_W1100,8,100.0,1100.0,NonMatching,Self,849.5575308802529,68
group5_2,P8_T100_W1100,8,100.0,1100.0,Matching,Stranger,907.9965403519996,57
group5_2,P8_T100_W1100,8,100.0,1100.0,Matching,Self,872.5973196741817,61
group5_3,P8_T100_W1100,8,100.0,1100.0,NonMatching,Stranger,802.7256314568724,89
group5_3,P8_T100_W1100,8,100.0,1100.0,NonMatching,Self,813.347607319595,82
group5_3,P8_T100_W1100,8,100.0,1100.0,Matching,Stranger,762.6159010249785,97
group5_3,P8_T100_W1100,8,100.0,1100.0,Matching,Self,635.52115807045,124
group5_4,P8_T100_W1100,8,100.0,1100.0,NonMatching,Stranger,809.850169359819,62
group5_4,P8_T100_W1100,8,100.0,1100.0,NonMatching,Self,742.265890528889,95
group5_4,P8_T100_W1100,8,100.0,1100.0,Matching,Stranger,784.6727740784166,81
group5_4,P8_T100_W1100,8,100.0,1100.0,Matching,Self,801.3568602394346,83
group5_5,P8_T100_W1100,8,100.0,1100.0,NonMatching,Stranger,798.5177428562675,91
group5_5,P8_T100_W1100,8,100.0,1100.0,NonMatching,Self,831.9492163010063,92
group5_5,P8_T100_W1100,8,100.0,1100.0,Matching,Stranger,819.2567095713719,94
group5_5,P8_T100_W1100,8,100.0,1100.0,Matching,Self,747.9398991095617,112
group5_6,P8_T100_W1100,8,100.0,1100.0,NonMatching,Stranger,807.1767179287357,106
group5_6,P8_T100_W1100,8,100.0,1100.0,NonMatching,Self,774.8541035380347,113
group5_6,P8_T100_W1100,8,100.0,1100.0,Matching,Stranger,820.919194314973,88
group5_6,P8_T100_W1100,8,100.0,1100.0,Matching,Self,789.4814096770491,93
group5_7,P8_T100_W1100,8,100.0,1100.0,NonMatching,Stranger,710.972713912918,115
group5_7,P8_T100_W1100,8,100.0,1100.0,NonMatching,Self,708.2163048789806,123
group5_7,P8_T100_W1100,8,100.0,1100.0,Matching,Stranger,712.9513915866465,107
group5_7,P8_T100_W1100,8,100.0,1100.0,Matching,Self,579.6844828117727,128
group5_8,P8_T100_W1100,8,100.0,1100.0,NonMatching,Stranger,665.3233942775323,70
group5_8,P8_T100_W1100,8,100.0,1100.0,NonMatching,Self,509.1492672417519,116
group5_8,P8_T100_W1100,8,100.0,1100.0,Matching,Stranger,657.3186878380806,74
group5_8,P8_T100_W1100,8,100.0,1100.0,Matching,Self,651.4791337208725,86
group6_1,P120_T500_W1500,120,500.0,1500.0,NonMatching,Stranger,931.522862392378,117
group6_1,P120_T500_W1500,120,500.0,1500.0,NonMatching,Self,891.9261765759646,111
group6_1,P120_T500_W1500,120,500.0,1500.0,Matching,Stranger,886.5919950822287,122
group6_1,P120_T500_W1500,120,500.0,1500.0,Matching,Self,856.6620715448825,123
group6_10,P120_T500_W1500,120,500.0,1500.0,NonMatching,Stranger,881.837501904807,105
group6_10,P120_T500_W1500,120,500.0,1500.0,NonMatching,Self,804.1397000034759,111
group6_10,P120_T500_W1500,120,500.0,1500.0,Matching,Stranger,958.5005017239713,116
group6_10,P120_T500_W1500,120,500.0,1500.0,Matching,Self,871.9077793114674,116
group6_12,P120_T500_W1500,120,500.0,1500.0,NonMatching,Stranger,1075.84133627979,113
group6_12,P120_T500_W1500,120,500.0,1500.0,NonMatching,Self,842.6399161267441,124
group6_12,P120_T500_W1500,120,500.0,1500.0,Matching,Stranger,1063.3847065556415,122
group6_12,P120_T500_W1500,120,500.0,1500.0,Matching,Self,920.6500023999253,125
group6_13,P120_T500_W1500,120,500.0,1500.0,NonMatching,Stranger,978.8955671855286,128
group6_13,P120_T500_W1500,120,500.0,1500.0,NonMatching,Self,942.2168714217914,126
group6_13,P120_T500_W1500,120,500.0,1500.0,Matching,Stranger,886.2983333371905,126
group6_13,P120_T500_W1500,120,500.0,1500.0,Matching,Self,933.699433855881,127
group6_15,P120_T500_W1500,120,500.0,1500.0,NonMatching,Stranger,810.2213947343428,114
group6_15,P120_T500_W1500,120,500.0,1500.0,NonMatching,Self,809.4219883379992,120
group6_15,P120_T500_W1500,120,500.0,1500.0,Matching,Stranger,830.5592465255926,101
group6_15,P120_T500_W1500,120,500.0,1500.0,Matching,Self,780.4872138874124,108
group6_16,P120_T500_W1500,120,500.0,1500.0,NonMatching,Stranger,811.1540780868382,105
group6_16,P120_T500_W1500,120,500.0,1500.0,NonMatching,Self,794.021620006404,90
group6_16,P120_T500_W1500,120,500.0,1500.0,Matching,Stranger,817.7001607859982,102
group6_16,P120_T500_W1500,120,500.0,1500.0,Matching,Self,836.997022932337,96
group6_3,P120_T500_W1500,120,500.0,1500.0,NonMatching,Stranger,1180.6077288005515,125
group6_3,P120_T500_W1500,120,500.0,1500.0,NonMatching,Self,1072.364191128262,124
group6_3,P120_T500_W1500,120,500.0,1500.0,Matching,Stranger,1058.2504297538335,121
group6_3,P120_T500_W1500,120,500.0,1500.0,Matching,Self,943.7880737701773,122
group6_4,P120_T500_W1500,120,500.0,1500.0,NonMatching,Stranger,1094.0648090096424,111
group6_4,P120_T500_W1500,120,500.0,1500.0,NonMatching,Self,888.6545135993512,125
group6_4,P120_T500_W1500,120,500.0,1500.0,Matching,Stranger,1190.9509393437593,122
group6_4,P120_T500_W1500,120,500.0,1500.0,Matching,Self,901.3690370986529,124
group6_5,P120_T500_W1500,120,500.0,1500.0,NonMatching,Stranger,896.8820311981251,125
group6_5,P120_T500_W1500,120,500.0,1500.0,NonMatching,Self,898.8347400004776,105
group6_5,P120_T500_W1500,120,500.0,1500.0,Matching,Stranger,905.5594831458435,89
group6_5,P120_T500_W1500,120,500.0,1500.0,Matching,Self,846.6557660205086,103
group6_9,P120_T500_W1500,120,500.0,1500.0,NonMatching,Stranger,837.8744121010027,124
group6_9,P120_T500_W1500,120,500.0,1500.0,NonMatching,Self,846.2035735541849,121
group6_9,P120_T500_W1500,120,500.0,1500.0,Matching,Stranger,803.0710631015818,122
group6_9,P120_T500_W1500,120,500.0,1500.0,Matching,Self,849.2780025016087,120
group7_1,P120_T30_W800,120,30.0,800.0,NonMatching,Stranger,638.1395737524144,80
group7_1,P120_T30_W800,120,30.0,800.0,NonMatching,Self,649.4335311694773,77
group7_1,P120_T30_W800,120,30.0,800.0,Matching,Stranger,619.1976711089309,90
group7_1,P120_T30_W800,120,30.0,800.0,Matching,Self,580.6063981608195,108
group7_10,P120_T30_W800,120,30.0,800.0,NonMatching,Stranger,627.2898250143044,100
group7_10,P120_T30_W800,120,30.0,800.0,NonMatching,Self,619.1467678540254,112
group7_10,P120_T30_W800,120,30.0,800.0,Matching,Stranger,653.7090358681482,92
group7_10,P120_T30_W800,120,30.0,800.0,Matching,Self,664.2673506277697,79
group7_11,P120_T30_W800,120,30.0,800.0,NonMatching,Stranger,735.0284956476612,23
group7_11,P120_T30_W800,120,30.0,800.0,NonMatching,Self,722.5009541531714,24
group7_11,P120_T30_W800,120,30.0,800.0,Matching,Stranger,691.9393297284842,37
group7_11,P120_T30_W800,120,30.0,800.0,Matching,Self,676.548552501481,80
group7_12,P120_T30_W800,120,30.0,800.0,NonMatching,Stranger,578.181415599829,96
group7_12,P120_T30_W800,120,30.0,800.0,NonMatching,Self,550.6658442273664,104
group7_12,P120_T30_W800,120,30.0,800.0,Matching,Stranger,615.8267111197641,99
group7_12,P120_T30_W800,120,30.0,800.0,Matching,Self,614.3436042512669,94
group7_2,P120_T30_W800,120,30.0,800.0,NonMatching,Stranger,624.8664106083611,66
group7_2,P120_T30_W800,120,30.0,800.0,NonMatching,Self,605.8129515491675,97
group7_2,P120_T30_W800,120,30.0,800.0,Matching,Stranger,652.9367382343694,102
group7_2,P120_T30_W800,120,30.0,800.0,Matching,Self,657.2392990187212,102
group7_3,P120_T30_W800,120,30.0,800.0,NonMatching,Stranger,682.696011294836,62
group7_3,P120_T30_W800,120,30.0,800.0,NonMatching,Self,675.5649144963726,69
group7_3,P120_T30_W800,120,30.0,800.0,Matching,Stranger,686.8338943606662,71
group7_3,P120_T30_W800,120,30.0,800.0,Matching,Self,596.0409367006323,109
group7_4,P120_T30_W800,120,30.0,800.0,NonMatching,Stranger,668.3650224749522,89
group7_4,P120_T30_W800,120,30.0,800.0,NonMatching,Self,576.9763999943327,114
group7_4,P120_T30_W800,120,30.0,800.0,Matching,Stranger,656.5921530507657,98
group7_4,P120_T30_W800,120,30.0,800.0,Matching,Self,698.5571433311432,90
group7_5,P120_T30_W800,120,30.0,800.0,NonMatching,Stranger,620.6893079273292,101
group7_5,P120_T30_W800,120,30.0,800.0,NonMatching,Self,621.2605587626837,97
group7_5,P120_T30_W800,120,30.0,800.0,Matching,Stranger,602.8383991079036,111
group7_5,P120_T30_W800,120,30.0,800.0,Matching,Self,587.9712581976133,122
group7_6,P120_T30_W800,120,30.0,800.0,NonMatching,Stranger,691.2009955883739,68
group7_6,P120_T30_W800,120,30.0,800.0,NonMatching,Self,615.5269740696962,108
group7_6,P120_T30_W800,120,30.0,800.0,Matching,Stranger,680.8117789547205,76
group7_6,P120_T30_W800,120,30.0,800.0,Matching,Self,682.5519746811943,79
group7_7,P120_T30_W800,120,30.0,800.0,NonMatching,Stranger,662.1317851477036,101
group7_7,P120_T30_W800,120,30.0,800.0,NonMatching,Self,662.8256000070791,111
group7_7,P120_T30_W800,120,30.0,800.0,Matching,Stranger,637.6610160618189,112
group7_7,P120_T30_W800,120,30.0,800.0,Matching,Self,574.9498766788747,120
group7_8,P120_T30_W800,120,30.0,800.0,NonMatching,Stranger,390.8547963693061,55
group7_8,P120_T30_W800,120,30.0,800.0,NonMatching,Self,380.88539022696654,51
group7_8,P120_T30_W800,120,30.0,800.0,Matching,Stranger,375.3895233501679,60
group7_8,P120_T30_W800,120,30.0,800.0,Matching,Self,412.79803962833336,53
group7_9,P120_T30_W800,120,30.0,800.0,NonMatching,Stranger,471.0981799871661,40
group7_9,P120_T30_W800,120,30.0,800.0,NonMatching,Self,463.4042555466295,45
group7_9,P120_T30_W800,120,30.0,800.0,Matching,Stranger,431.7234719556087,57
group7_9,P120_T30_W800,120,30.0,800.0,Matching,Self,437.6616098861732,91
group8_1,P120_T80_W800,120,80.0,800.0,NonMatching,Stranger,638.1395737524144,80
group8_1,P120_T80_W800,120,80.0,800.0,NonMatching,Self,649.4335311694773,77
group8_1,P120_T80_W800,120,80.0,800.0,Matching,Stranger,619.1976711089309,90
group8_1,P120_T80_W800,120,80.0,800.0,Matching,Self,580.6063981608195,108
group8_10,P120_T80_W800,120,80.0,800.0,NonMatching,Stranger,627.2898250143044,100
group8_10,P120_T80_W800,120,80.0,800.0,NonMatching,Self,619.1467678540254,112
group8_10,P120_T80_W800,120,80.0,800.0,Matching,Stranger,653.7090358681482,92
group8_10,P120_T80_W800,120,80.0,800.0,Matching,Self,664.2673506277697,79
group8_11,P120_T80_W800,120,80.0,800.0,NonMatching,Stranger,735.0284956476612,23
group8_11,P120_T80_W800,120,80.0,800.0,NonMatching,Self,722.5009541531714,24
group8_11,P120_T80_W800,120,80.0,800.0,Matching,Stranger,691.9393297284842,37
group8_11,P120_T80_W800,120,80.0,800.0,Matching,Self,676.548552501481,80
group8_12,P120_T80_W800,120,80.0,800.0,NonMatching,Stranger,578.181415599829,96
group8_12,P120_T80_W800,120,80.0,800.0,NonMatching,Self,550.6658442273664,104
group8_12,P120_T80_W800,120,80.0,800.0,Matching,Stranger,615.8267111197641,99
group8_12,P120_T80_W800,120,80.0,800.0,Matching,Self,614.3436042512669,94
group8_2,P120_T80_W800,120,80.0,800.0,NonMatching,Stranger,624.8664106083611,66
group8_2,P120_T80_W800,120,80.0,800.0,NonMatching,Self,605.8129515491675,97
group8_2,P120_T80_W800,120,80.0,800.0,Matching,Stranger,652.9367382343694,102
group8_2,P120_T80_W800,120,80.0,800.0,Matching,Self,657.2392990187212,102
group8_3,P120_T80_W800,120,80.0,800.0,NonMatching,Stranger,682.696011294836,62
group8_3,P120_T80_W800,120,80.0,800.0,NonMatching,Self,675.5649144963726,69
group8_3,P120_T80_W800,120,80.0,800.0,Matching,Stranger,686.8338943606662,71
group8_3,P120_T80_W800,120,80.0,800.0,Matching,Self,596.0409367006323,109
group8_4,P120_T80_W800,120,80.0,800.0,NonMatching,Stranger,668.3650224749522,89
group8_4,P120_T80_W800,120,80.0,800.0,NonMatching,Self,576.9763999943327,114
group8_4,P120_T80_W800,120,80.0,800.0,Matching,Stranger,656.5921530507657,98
group8_4,P120_T80_W800,120,80.0,800.0,Matching,Self,698.5571433311432,90
group8_5,P120_T80_W800,120,80.0,800.0,NonMatching,Stranger,620.6893079273292,101
group8_5,P120_T80_W800,120,80.0,800.0,NonMatching,Self,621.2605587626837,97
group8_5,P120_T80_W800,120,80.0,800.0,Matching,Stranger,602.8383991079036,111
group8_5,P120_T80_W800,120,80.0,800.0,Matching,Self,587.9712581976133,122
group8_6,P120_T80_W800,120,80.0,800.0,NonMatching,Stranger,691.2009955883739,68
group8_6,P120_T80_W800,120,80.0,800.0,NonMatching,Self,615.5269740696962,108
group8_6,P120_T80_W800,120,80.0,800.0,Matching,Stranger,680.8117789547205,76
group8_6,P120_T80_W800,120,80.0,800.0,Matching,Self,682.5519746811943,79
group8_7,P120_T80_W800,120,80.0,800.0,NonMatching,Stranger,662.1317851477036,101
group8_7,P120_T80_W800,120,80.0,800.0,NonMatching,Self,662.8256000070791,111
group8_7,P120_T80_W800,120,80.0,800.0,Matching,Stranger,637.6610160618189,112
group8_7,P120_T80_W800,120,80.0,800.0,Matching,Self,574.9498766788747,120
group8_8,P120_T80_W800,120,80.0,800.0,NonMatching,Stranger,390.8547963693061,55
group8_8,P120_T80_W800,120,80.0,800.0,NonMatching,Self,380.88539022696654,51
group8_8,P120_T80_W800,120,80.0,800.0,Matching,Stranger,375.3895233501679,60
group8_8,P120_T80_W800,120,80.0,800.0,Matching,Self,412.79803962833336,53
