subj_idx,rt,response,identity,omission
0,0.327071800013073,1,0,0
0,0.382305200037081,0,1,0
0,1.2000000000000002,0,0,1
0,0.303313199954573,0,1,0
0,0.304315699962899,1,1,0
0,0.44203070004005,1,0,0
0,0.46524569997564,1,1,0
0,0.303937599994242,0,0,0
0,0.317620699992403,1,0,0
0,0.744613800023217,1,1,0
0,0.30341320001753,1,1,0
0,0.304733400000259,1,0,0
0,0.305038899998181,0,0,0
0,1.2000000000000002,0,1,1
0,0.339180200011469,1,1,0
0,0.361616500013042,0,0,0
0,0.303774199972395,0,0,0
0,0.303262699977495,0,1,0
0,0.552436399972066,0,0,0
0,0.585555199999362,1,1,0
0,0.632996700005606,0,1,0
0,1.2000000000000002,0,0,1
0,0.384682100033388,1,0,0
0,1.2000000000000002,0,1,1
0,0.654533699969761,0,0,0
0,0.30360629997449,0,1,0
0,0.311906399962027,1,0,0
0,0.536445999983698,0,1,0
0,0.489062800013926,1,0,0
0,0.344798800011631,1,1,0
0,0.42226230003871,1,1,0
0,0.304128299991135,0,0,0
0,0.323360599984881,1,1,0
0,0.410264800011646,1,0,0
0,0.303524899994954,0,0,0
0,0.305040100007318,1,1,0
0,0.304788300010841,1,1,0
0,0.303672300011385,1,0,0
0,0.304659100016579,0,1,0
0,1.2000000000000002,0,0,1
0,0.468505900003947,0,0,0
0,0.313661099993624,1,1,0
0,0.376942100003362,1,1,0
0,0.303808099997696,0,0,0
0,0.329500199994072,1,1,0
0,0.553448399994522,1,0,0
0,0.329859999998007,0,1,0
0,0.520496800018009,1,0,0
0,0.488976699998602,1,1,0
0,0.313050800003111,0,0,0
0,0.440874500025529,1,1,0
0,0.553452599968296,1,0,0
0,1.0880658000242,1,0,0
0,0.586427800008096,1,1,0
0,0.601961500011384,1,0,0
0,0.553212900005747,0,1,0
0,0.66663500003051,0,0,0
0,0.570626600005198,1,1,0
0,0.7607607000391,1,0,0
0,0.634119499998633,1,1,0
0,0.761289499991108,0,1,0
0,0.730077199987136,1,0,0
0,0.76165930001298,1,0,0
0,0.538370800029952,1,1,0
0,0.585055200033821,0,0,0
0,0.83256850001635,1,1,0
0,0.569810200016946,1,0,0
0,0.586279700044543,1,1,0
0,0.489727700012736,1,1,0
0,0.808924000011757,1,0,0
0,0.714069700043183,1,1,0
0,0.649989500001539,1,0,0
0,0.504741300013848,0,1,0
0,0.80910039995797,1,0,0
0,0.570146800018847,1,1,0
0,0.849037700041663,1,0,0
0,1.2000000000000002,0,0,1
0,0.497909499972593,1,1,0
0,0.521389600005932,1,1,0
0,0.681644700001925,1,0,0
0,0.553187899990007,1,1,0
0,0.61750450002728,1,0,0
0,1.03315610002028,1,0,0
0,0.521873200021219,1,1,0
0,0.69737539999187,1,1,0
0,0.682741799973883,0,0,0
0,0.800370100012515,0,0,0
0,0.586126199981663,1,1,0
0,1.11361910001142,1,0,0
0,0.649635799985845,1,1,0
0,1.2000000000000002,0,1,1
0,1.2000000000000002,0,0,1
0,1.2000000000000002,0,0,1
0,0.562052299967036,1,1,0
0,0.657968199986499,1,1,0
0,1.2000000000000002,0,0,1
0,1.2000000000000002,0,1,1
0,0.574793300009333,0,0,0
0,1.2000000000000002,0,0,1
0,0.465357899956871,1,1,0
0,0.586362799978815,1,1,0
0,1.01801970001543,0,0,0
0,1.03186079999432,1,0,0
0,0.648577700019814,1,1,0
0,1.2000000000000002,0,0,1
0,0.471683100040536,1,1,0
0,0.649674999993294,1,1,0
0,0.776369300030638,1,0,0
0,0.472127599990927,1,1,0
0,0.745261400006711,0,0,0
0,0.809935000026599,1,0,0
0,0.6704964999808,1,1,0
0,0.72832760005258,1,0,0
0,0.64695759996539,1,1,0
0,1.2000000000000002,0,0,1
0,0.495361200009938,1,1,0
0,1.2000000000000002,0,0,1
0,0.5112114000367,1,1,0
0,0.654825399979018,1,1,0
0,1.14629040000727,1,0,0
0,0.665890100004617,1,1,0
0,1.2000000000000002,0,0,1
0,1.2000000000000002,0,1,1
0,1.2000000000000002,0,0,1
0,1.11882530001458,0,0,0
0,0.71196859999327,1,1,0
0,1.2000000000000002,0,0,1
0,0.540846899966709,1,1,0
0,0.680642499995884,1,1,0
0,1.01600389997475,1,0,0
0,0.652992199989967,0,0,0
0,0.6648775000358,1,1,0
0,1.06586420000531,1,0,0
0,0.61615019995952,1,1,0
0,1.2000000000000002,0,0,1
0,0.544397799996659,1,1,0
0,0.521449200052302,1,1,0
0,0.649244699976407,0,0,0
0,0.464360900048632,1,1,0
0,0.840923900017515,1,0,0
0,0.553240699984599,1,1,0
0,0.665032199991401,0,0,0
0,1.2000000000000002,0,0,1
0,0.644194599997718,1,1,0
0,1.01764700002968,1,0,0
0,0.745194300019648,1,1,0
0,0.685232500021812,1,1,0
0,1.03404420003062,0,0,0
0,0.352568399976008,1,0,0
0,0.696077000000514,1,1,0
0,1.12883489998057,1,0,0
0,1.06471970002167,1,1,0
0,0.680026999965776,1,0,0
0,0.633952999953181,1,1,0
0,1.2000000000000002,0,1,1
0,0.650109099980909,0,0,0
0,0.712854199984577,1,0,0
0,0.472996799973771,1,1,0
0,0.633333100005984,1,0,0
0,0.631243799987715,1,1,0
0,0.728493299975526,1,1,0
0,0.71295169997029,0,0,0
0,0.599505299993325,1,1,0
0,0.680644400010351,1,0,0
0,0.665826899989042,1,0,0
0,0.390809100004844,1,1,0
0,0.744971999956761,1,1,0
0,0.697176600049715,1,0,0
0,0.632962100033183,1,0,0
0,0.55209549999563,1,1,0
0,0.55335100000957,0,0,0
0,0.553033300035167,1,1,0
0,0.888274800032377,1,0,0
0,0.599180500023067,1,1,0
0,0.968962599989027,1,0,0
0,0.615720300003886,1,1,0
0,0.744962700002361,1,0,0
0,0.759139599977061,1,1,0
0,0.568607900000643,1,1,0
0,0.839527200034354,0,0,0
0,1.2000000000000002,0,1,1
0,1.2000000000000002,0,0,1
0,0.684065499983262,1,1,0
0,0.728809399995953,1,0,0
0,0.599862900038715,1,1,0
0,0.521909500006586,0,0,0
0,0.602107399958186,1,1,0
0,0.856251600023825,1,0,0
0,0.74418959999457,1,1,0
0,0.79303959995741,1,0,0
0,0.728248099971097,1,1,0
0,0.69551930000307,1,0,0
0,0.600373900029808,1,1,0
0,0.680919000005815,1,0,0
0,0.647625899990089,1,1,0
0,0.616963299980853,0,0,0
0,0.680646300024819,1,1,0
0,1.2000000000000002,0,0,1
0,0.602016199962236,1,1,0
0,0.712180000031367,1,0,0
0,1.2000000000000002,0,0,1
0,0.605398300045636,1,1,0
0,0.552621699986048,1,1,0
0,1.06982530001551,1,0,0
0,0.647845900035463,1,1,0
0,0.600945100013632,1,0,0
0,1.2000000000000002,0,0,1
0,1.2000000000000002,0,1,1
0,0.776357099995948,1,0,0
0,0.664538399956655,1,1,0
0,0.552152699965518,1,1,0
0,0.761329500004649,1,0,0
0,0.488227699999698,1,0,0
0,0.600564200023655,1,1,0
0,0.551805199997034,1,0,0
0,0.518754399963655,1,1,0
0,0.807297000021208,1,0,0
0,0.55233939999016,1,1,0
0,0.503697599982843,1,1,0
0,0.48894680000376,1,0,0
0,0.536397999967448,1,1,0
0,0.711616499989759,1,0,0
0,0.637397399987094,0,0,0
0,0.472138899960555,1,1,0
0,0.712048100016546,1,0,0
0,0.487956000026315,1,1,0
0,0.518794199975673,1,1,0
0,0.471486199996434,1,0,0
0,0.733787900011521,1,0,0
0,0.661879600025713,1,1,0
0,0.599951300013345,1,1,0
0,0.614390099945012,1,0,0
0,0.77827139996225,1,1,0
0,0.663643000007141,1,0,0
0,0.583077700051945,1,1,0
0,0.488043799996376,1,0,0
0,0.583496199978981,1,1,0
0,0.696333700034302,1,0,0
0,0.776197700004559,1,0,0
0,0.728229599946644,1,1,0
0,0.583440900023561,1,1,0
0,0.375337000004947,1,0,0
0,0.839890800009016,1,0,0
0,0.728040000016335,1,1,0
0,0.599679799983278,1,0,0
0,1.2000000000000002,0,1,1
0,0.660474599979352,1,1,0
0,0.82394029997522,1,0,0
0,1.03210310003487,1,0,0
0,0.919158600037917,1,1,0
0,0.870770399982575,1,0,0
0,0.732217700046021,1,1,0
0,1.2000000000000002,0,1,1
0,0.828947399975732,1,0,0
0,0.668538000027183,1,1,0
0,0.967766099958681,1,0,0
0,0.828853400016669,1,1,0
0,1.2000000000000002,0,0,1
0,1.06332830002066,1,0,0
0,0.727375699963886,1,1,0
8,0.308360800030641,1,0,0
8,0.88246180000715,0,1,0
8,0.305234499974176,0,1,0
8,0.303542600013316,1,0,0
8,0.303429499967024,0,0,0
8,0.3033003000309689,1,1,0
8,0.3038469000021,1,0,0
8,0.339970300090499,1,1,0
8,0.313595799962059,0,0,0
8,0.376147600007243,1,1,0
8,0.459682400105521,0,1,0
8,0.303429699968547,0,0,0
8,1.2000000000000002,0,1,1
8,0.349991400027648,0,0,0
8,0.426511700032279,1,1,0
8,0.303986400016584,1,0,0
8,0.30308270000387,1,1,0
8,0.373498699977063,0,0,0
8,0.388234599959105,0,1,0
8,0.361821700003929,0,0,0
8,0.303132899920456,0,0,0
8,1.2000000000000002,0,1,1
8,0.458097300026566,1,0,0
8,0.634452499914914,0,1,0
8,0.538180099916644,0,0,0
8,0.303066899999976,1,1,0
8,0.348297600052319,0,0,0
8,0.303532999940217,1,1,0
8,0.318903200095519,0,0,0
8,1.01172569999471,1,1,0
8,0.376847800100222,0,1,0
8,0.761544000008143,1,0,0
8,0.656303299940191,1,1,0
8,0.682372400071472,1,0,0
8,0.809703200007789,0,1,0
8,0.762542500044219,1,0,0
8,0.761903200065717,1,0,0
8,0.713644600007683,1,1,0
8,0.698241600068286,0,0,0
8,0.729571199975908,1,1,0
8,0.584475600044243,1,1,0
8,0.666212900076061,1,0,0
8,0.825735700083897,0,0,0
8,0.825111199985258,1,1,0
8,0.569889399921522,1,1,0
8,0.841560899978504,0,0,0
8,0.521289000054821,1,1,0
8,0.649743000045419,1,0,0
8,0.601583200041205,1,0,0
8,0.666050100000575,1,1,0
8,0.538178600021638,1,0,0
8,0.65004710003268,1,1,0
8,1.01983759994619,1,1,0
8,0.826666600070894,1,0,0
8,0.762139500002377,1,1,0
8,0.682936100056395,1,0,0
8,0.601505299913697,1,1,0
8,0.746119200019166,1,0,0
8,0.616360599990003,1,1,0
8,0.570453199907206,1,0,0
8,0.633913800003938,1,0,0
8,0.537655499996617,1,1,0
8,0.587209800025448,1,0,0
8,0.633779900032096,1,1,0
8,0.953940999926999,1,0,0
8,0.618562599993311,1,1,0
8,0.60161779995542,1,1,0
8,0.537584899924695,0,0,0
8,0.809504100005142,1,0,0
8,0.905650799977593,0,1,0
8,0.506402599974535,1,1,0
8,0.730077999993227,1,0,0
8,0.618119199993089,1,1,0
8,0.729577100020833,0,0,0
8,0.697462599957362,1,1,0
8,0.921877400018275,1,0,0
8,0.569209899986163,1,1,0
8,0.458184799994342,0,0,0
8,0.621869299910031,1,0,0
8,0.601854600012302,1,1,0
8,0.52110100002028,1,1,0
8,0.841762199997902,1,0,0
8,0.618108400027268,0,0,0
8,0.761336600058712,1,1,0
8,0.472339500091039,1,1,0
8,0.713840799988247,1,0,0
8,0.470749599975534,1,1,0
8,0.634486999944784,1,0,0
8,0.377341100014746,0,1,0
8,1.2000000000000002,0,0,1
8,0.507256799959578,1,0,0
8,0.569753199932165,1,1,0
8,0.537495999946259,1,1,0
8,0.793492099968717,1,0,0
8,0.568831700016744,1,1,0
8,1.14664640009869,1,0,0
8,0.656897900043987,1,1,0
8,0.60184030001983,0,0,0
8,0.617513200035319,1,0,0
8,0.761416699970141,1,1,0
8,0.681623399956152,1,0,0
8,1.2000000000000002,0,1,1
8,0.505582600017078,1,0,0
8,0.777142900042236,1,1,0
8,0.844913200009614,1,0,0
8,0.665695099974982,1,1,0
8,0.505686399992555,1,0,0
8,0.664125500014052,1,1,0
8,1.2000000000000002,0,1,1
8,0.522130400058813,1,0,0
8,0.713638299959712,1,1,0
8,0.712908799992874,1,0,0
8,1.2000000000000002,0,0,1
8,1.03354859992396,1,1,0
8,0.68105839996133,1,0,0
8,1.00115610007197,1,1,0
8,0.8096214,1,0,0
8,0.554090199992061,1,1,0
8,0.778045400045812,1,0,0
8,0.633966599940322,1,1,0
8,0.45699449989479,0,0,0
8,0.713141300017014,1,1,0
8,0.633305700030178,1,1,0
8,0.760612199897878,1,0,0
8,0.585863100015558,1,0,0
8,0.905761600006372,1,1,0
8,1.14630960009526,1,0,0
8,0.777006200049073,1,1,0
8,0.536437600036152,1,1,0
8,0.568919000099413,1,0,0
8,0.472553399973549,1,1,0
8,0.745271399966441,1,0,0
8,0.775854400009848,1,0,0
8,0.551191700040363,0,1,0
8,0.601533900015056,1,1,0
8,0.569096600054763,1,0,0
8,0.505001599900424,1,1,0
8,0.632542400038801,1,0,0
8,1.2000000000000002,0,0,1
8,1.2000000000000002,0,1,1
8,1.2000000000000002,0,0,1
8,0.848374600056559,1,1,0
8,0.713651500060223,0,0,0
8,0.775845500058495,1,1,0
8,0.808759999927133,1,1,0
8,0.777233100030571,1,0,0
8,1.2000000000000002,0,1,1
8,0.856658200034872,0,0,0
8,0.776861200109124,1,0,0
8,0.744454599916935,1,1,0
8,1.2000000000000002,0,0,1
8,0.606264000060037,1,1,0
8,0.857405799906701,1,0,0
8,1.11335460003465,1,1,0
8,0.69702199997846,0,0,0
8,0.759833300020546,1,1,0
8,0.588417399907485,1,0,0
8,0.617251300020143,1,1,0
8,0.616336799925193,1,0,0
8,0.744742299895734,1,1,0
8,0.584911899990402,1,1,0
8,0.952853500028141,1,0,0
8,0.600034100003541,1,0,0
8,0.808680199901573,1,1,0
8,0.840404500020668,1,0,0
8,0.840495700016618,1,1,0
8,0.600880699930713,1,0,0
8,0.535788499983028,0,1,0
8,0.808988599921577,1,1,0
8,0.696315899956971,1,0,0
8,0.616145399981178,1,0,0
8,0.728479800047353,1,1,0
8,0.664715500082821,1,1,0
8,1.01886160008144,1,0,0
8,0.681214699987322,1,0,0
8,0.616183900041506,1,1,0
8,0.520590000087395,1,0,0
8,0.583525200025178,1,1,0
8,0.600193900056183,1,1,0
8,0.618399900035001,1,0,0
8,0.792406300082803,1,0,0
8,0.56871320004575,1,1,0
8,0.376121000037529,0,1,0
8,0.681061899987981,1,0,0
8,0.792617200058885,1,1,0
8,0.584694600082003,1,0,0
8,0.600629199994728,1,0,0
8,0.536079399986193,1,1,0
8,0.730854899971746,1,1,0
8,0.424857099889778,0,0,0
8,0.584403499960899,1,1,0
8,0.537169100018218,1,0,0
8,0.618099699961022,1,0,0
8,0.472742300014943,0,1,0
8,0.552619299967773,1,1,0
8,0.632564099971205,0,0,0
8,0.615953700034879,1,1,0
8,0.473590499954298,1,0,0
8,0.456343099940568,1,1,0
8,0.600597400101833,1,0,0
8,0.61523340002168,1,1,0
8,0.887607999960892,0,0,0
8,0.584199899923988,1,0,0
8,0.617100899922661,1,1,0
8,0.439931299886666,1,1,0
8,0.695843899971806,1,0,0
8,0.904816000023857,1,0,0
8,0.456434999941848,1,1,0
8,0.717294399975799,1,0,0
8,0.552223799983039,1,1,0
8,0.521258399938233,1,1,0
8,0.616986399982125,1,0,0
8,0.616128499968909,1,1,0
8,0.775773699977435,1,0,0
8,0.440315900021233,0,1,0
8,0.56851390004158,0,0,0
8,0.520804699975997,1,0,0
8,0.791358000016771,1,1,0
8,0.487182299955748,1,1,0
8,0.440722199971788,0,0,0
8,0.711611899896525,1,0,0
8,0.586428500013426,1,1,0
8,0.648869099910371,1,0,0
8,0.744034399976954,1,1,0
8,0.648204099969007,1,1,0
8,0.615844700019807,1,0,0
8,0.64830899995286,1,0,0
8,0.408299900009297,0,1,0
8,0.615712000057101,1,1,0
8,1.2000000000000002,0,0,1
8,0.584054899984039,1,0,0
8,0.502994199981913,1,1,0
8,0.647089799982496,1,1,0
8,0.792085200082511,1,0,0
8,0.573502599960193,1,1,0
8,0.711374700069427,1,0,0
8,0.567532599903643,1,0,0
8,0.727416800102219,1,1,0
8,0.599959999904968,1,0,0
8,0.583067100029439,1,1,0
8,0.52041100000497,1,1,0
8,0.696373600047082,1,0,0
8,0.53659259993583,1,1,0
8,0.520447000046261,1,0,0
8,0.679004499921575,1,0,0
8,0.50444679998327,0,1,0
8,0.567615699954331,1,1,0
8,0.455570299993269,1,0,0
8,0.488137900014408,1,0,0
8,0.797688800026663,1,1,0
8,0.552598199923523,1,0,0
8,0.303762899944559,0,1,0
8,0.650055599980988,1,1,0
8,0.583198899985291,1,0,0
8,0.471974200103432,1,0,0
8,0.83891729998868,1,1,0
8,0.502809799974784,1,1,0
8,0.407585500041023,1,0,0
8,0.678675799979828,1,1,0
8,0.663931800052524,1,0,0
9,0.306071799946949,0,0,0
9,0.306237399810925,0,1,0
9,0.305519900051877,0,0,0
9,0.312313399976119,0,1,0
9,0.305823700036854,0,1,0
9,0.305315100122243,0,0,0
9,0.308436499908566,0,1,0
9,0.305621600011364,1,0,0
9,0.3782337999437,0,0,0
9,0.304437200073153,1,1,0
9,0.305953599978238,1,1,0
9,0.345237000146881,0,0,0
9,0.304674499901012,1,0,0
9,0.304530300199986,0,1,0
9,0.346706599928439,0,1,0
9,0.448839300079271,1,0,0
9,0.344511799979955,1,0,0
9,0.568007299909368,0,1,0
9,0.335089199943468,0,0,0
9,1.2000000000000002,0,1,1
9,0.31232100003399,1,1,0
9,0.304536799900234,1,0,0
9,0.305506799835712,0,0,0
9,0.304328799946234,0,1,0
9,0.305284899892285,1,0,0
9,0.97356710000895,1,1,0
9,0.308110499987379,0,0,0
9,0.304355999920517,1,1,0
9,0.304926800075918,0,0,0
9,0.304968899814412,0,1,0
9,0.393639799905941,0,1,0
9,0.424661199795082,0,0,0
9,0.311597999883816,1,1,0
9,0.306097599910572,0,0,0
9,0.305724600097165,0,0,0
9,1.2000000000000002,0,1,1
9,0.30399790010415,1,1,0
9,0.30508550000377,0,0,0
9,0.304801600053906,1,1,0
9,0.306682500056922,0,0,0
9,0.345370399998501,1,0,0
9,0.456259600119665,1,1,0
9,1.2000000000000002,0,1,1
9,0.536739100003615,0,0,0
9,0.359878600109369,0,1,0
9,0.329216900048777,0,0,0
9,0.304810700006783,1,1,0
9,0.503924399847165,0,0,0
9,0.303660099860281,0,1,0
9,0.305558500112966,1,0,0
9,1.2000000000000002,0,1,1
9,0.449606099864468,0,0,0
9,0.305790700018406,0,0,0
9,0.48047690000385,1,1,0
9,0.304733899887651,0,0,0
9,0.305695200106129,1,1,0
9,0.304709400050342,1,0,0
9,0.304748399881646,0,1,0
9,0.305993900168687,0,0,0
9,0.304756199941039,1,1,0
9,0.304232399910688,0,1,0
9,0.305414699949324,0,0,0
9,0.304141599917784,1,0,0
9,0.305745200021192,0,1,0
9,0.857911499915645,0,0,0
9,1.2000000000000002,0,1,1
9,0.42329080007039,0,0,0
9,1.2000000000000002,0,1,1
9,0.406883399933577,0,1,0
9,0.361352399922907,0,0,0
9,0.304410400101915,0,1,0
9,0.30466500017792,1,0,0
9,0.304920500144362,0,1,0
9,0.795700599905103,0,0,0
9,1.2000000000000002,0,1,1
9,1.2000000000000002,0,0,1
9,0.334945400012657,0,0,0
9,0.303774900035933,1,1,0
9,0.343891199911013,1,1,0
9,0.48943810001947,0,0,0
9,0.88884470006451,1,1,0
9,0.304836699971929,0,0,0
9,0.314840300008655,1,0,0
9,0.345424100058153,1,1,0
9,0.536752799991518,1,1,0
9,0.304813699796796,0,0,0
9,0.472065699985251,0,0,0
9,0.304630300030112,1,1,0
9,0.37781050009653,0,0,0
9,0.391638099914417,0,1,0
9,0.304520899895579,1,1,0
9,1.2000000000000002,0,0,1
9,0.377313999924809,0,0,0
9,0.777175900060683,0,1,0
9,0.329279300058261,0,1,0
9,0.318272199947387,0,0,0
9,0.520554499933496,1,1,0
9,0.473386600147933,0,0,0
9,1.2000000000000002,0,0,1
9,0.318408499937505,0,1,0
9,0.665001000044867,1,1,0
9,0.648809700040147,0,0,0
9,0.319669000105932,0,0,0
9,0.776880499906838,1,1,0
9,1.08029370009899,1,0,0
9,1.2000000000000002,0,1,1
9,1.07080220011994,1,1,0
9,0.600278500001878,0,0,0
9,0.744676999980584,1,1,0
9,0.888762299902737,1,0,0
9,0.681398299988359,1,0,0
9,0.567977100145072,1,1,0
9,1.09658370004036,1,0,0
9,0.760971799958497,1,1,0
9,0.825896799797192,1,0,0
9,0.77661220007576,1,1,0
9,1.2000000000000002,0,0,1
9,0.882999600144103,1,1,0
9,0.712509300094098,1,1,0
9,1.07991320011206,0,0,0
9,1.2000000000000002,0,1,1
9,0.655648800078779,0,0,0
9,0.727942300029099,1,1,0
9,1.2000000000000002,0,0,1
9,0.921959399944171,0,0,0
9,0.615848100045696,1,1,0
9,0.745577299967408,0,0,0
9,1.2000000000000002,0,1,1
9,1.2000000000000002,0,1,1
9,1.2000000000000002,0,0,1
9,1.02073149988428,1,0,0
9,0.632668500067666,1,1,0
9,1.2000000000000002,0,0,1
9,0.696914999978617,1,1,0
9,1.2000000000000002,0,0,1
9,1.2000000000000002,0,1,1
9,0.744405499892309,1,1,0
9,0.583315399941057,0,0,0
9,0.65406720014289,1,1,0
9,0.792234200052917,1,0,0
9,0.451779099879786,1,1,0
9,0.777310999808833,1,0,0
9,1.2000000000000002,0,0,1
9,0.643362700007856,1,1,0
9,0.686946500092745,1,0,0
9,0.904699599836022,1,1,0
9,0.832009500125423,1,1,0
9,0.856236499967054,1,0,0
9,1.2000000000000002,0,0,1
9,0.708394400076941,1,1,0
9,0.831623299978673,1,0,0
9,0.736061399802566,1,1,0
9,0.840800600126386,1,0,0
9,0.855841600103304,1,1,0
9,0.461933200014755,1,1,0
9,0.60123600019142,0,0,0
9,0.600887399865314,1,0,0
9,0.712414500070736,1,1,0
9,0.776938399998471,1,0,0
9,0.575397700071335,1,1,0
9,0.60005999985151,1,1,0
9,0.616053799865767,1,0,0
9,0.631524899974465,1,1,0
9,0.745126100024208,0,0,0
9,0.696501899976283,1,0,0
9,0.696349699981511,1,1,0
9,0.824470399878919,1,1,0
9,0.66500010015443,1,0,0
9,1.2000000000000002,0,0,1
9,0.526730499928817,1,1,0
9,0.590150299947709,1,0,0
9,0.59991419990547,1,1,0
9,0.557293099816889,1,0,0
9,0.615221000043675,1,1,0
9,1.2000000000000002,0,0,1
9,0.557267999975011,1,1,0
9,0.52024450013414,1,0,0
9,0.599924799986184,1,1,0
9,1.2000000000000002,0,1,1
9,0.382401699898764,1,0,0
9,0.502225000178441,0,1,0
9,1.2000000000000002,0,0,1
9,0.474321799818426,1,1,0
9,0.534782100003213,0,0,0
9,0.422731100115925,1,1,0
9,0.566551999887452,0,0,0
9,0.541100499918684,1,1,0
9,0.551548499846831,0,0,0
9,0.572527100099251,1,1,0
9,0.72848580009304,1,0,0
9,0.8731015000958,1,1,0
9,0.566911900183186,0,0,0
9,0.461464799940586,1,1,0
9,0.669716299977154,1,0,0
9,1.2000000000000002,0,1,1
9,0.637659499887377,1,0,0
9,1.2000000000000002,0,1,1
9,0.589398500043899,0,0,0
9,1.2000000000000002,0,1,1
9,1.2000000000000002,0,0,1
9,1.2000000000000002,0,0,1
9,0.531616399995983,1,1,0
9,1.2000000000000002,0,1,1
9,0.440820100018755,0,0,0
9,0.304454799974337,1,1,0
9,0.343374900054187,1,0,0
9,1.2000000000000002,0,0,1
9,1.2000000000000002,0,1,1
9,0.599742399994284,0,0,0
9,1.2000000000000002,0,1,1
9,0.518969399854541,1,1,0
9,0.519586000125855,0,0,0
9,0.855811699992046,1,0,0
9,0.503112799953669,1,1,0
9,0.679012400098145,0,0,0
9,1.2000000000000002,0,1,1
9,1.000192,0,0,0
9,0.614915699930862,1,1,0
9,0.823315500048921,1,1,0
9,1.2000000000000002,0,0,1
9,0.678318400168791,1,1,0
9,0.566468000179157,0,0,0
9,1.2000000000000002,0,0,1
9,1.2000000000000002,0,1,1
9,0.708310900023207,0,0,0
9,0.304589299950749,0,1,0
9,0.470730799948797,1,1,0
9,1.2000000000000002,0,0,1
9,0.535859700059518,1,0,0
9,0.725813099881634,1,1,0
9,0.317287200130522,0,1,0
9,0.510086300084367,0,0,0
9,0.490620200056583,0,1,0
9,0.806567599996924,1,0,0
9,0.352731899823993,1,1,0
9,0.6314515999984,0,0,0
9,0.919007200049236,0,1,0
9,0.727967400103807,1,0,0
9,0.796714699827135,0,0,0
9,0.630135900108144,1,1,0
9,0.305020099971443,0,1,0
9,0.304418899817392,1,0,0
9,1.2000000000000002,0,0,1
9,0.491782400058582,1,1,0
9,0.406307999975979,0,0,0
9,1.2000000000000002,0,1,1
9,0.612859099870548,1,1,0
9,0.342086300021037,0,0,0
9,0.633012100122869,0,0,0
9,0.474723899969831,1,1,0
9,0.342120200162753,1,0,0
9,0.620025299955159,1,1,0
9,0.550731299910694,1,1,0
9,0.486420900095254,0,0,0
9,0.53277639998123,1,1,0
9,0.629892400000244,1,0,0
9,0.567430699942634,1,1,0
9,0.630348900100216,0,0,0
9,0.710428500082344,0,0,0
9,0.534816500032321,1,1,0
10,0.61423119995743,1,0,0
10,0.684520700015128,1,1,0
10,0.934849399840459,1,1,0
10,0.648001900175586,1,0,0
10,0.698097400134429,0,0,0
10,0.630966100143269,1,1,0
10,0.889344199793413,1,0,0
10,0.920389800099656,1,1,0
10,0.873040000209585,1,0,0
10,0.793058300158009,1,1,0
10,0.936405000044033,1,1,0
10,0.822989600012079,1,0,0
10,1.06544320005924,1,1,0
10,1.2000000000000002,0,0,1
10,0.830209099920467,1,1,0
10,0.63271060003899,1,0,0
10,0.85575950006023,1,1,0
10,0.970212599961087,1,0,0
10,0.434001900022849,0,1,0
10,1.0005850000307,1,0,0
10,1.2000000000000002,0,0,1
10,0.769857299979776,0,1,0
10,0.938042299821973,1,0,0
10,1.2000000000000002,0,1,1
10,0.976911599980667,0,0,0
10,1.01709949993528,1,1,0
10,0.906903899973258,1,0,0
10,0.950886300066486,1,1,0
10,0.767677299911156,1,0,0
10,0.76120620011352,1,1,0
10,0.919551200000569,1,1,0
10,0.681251700036228,0,0,0
10,1.11278819991276,1,1,0
10,1.2000000000000002,0,0,1
10,1.03250940004364,1,1,0
10,1.2000000000000002,0,0,1
10,1.2000000000000002,0,0,1
10,0.872931199846789,1,1,0
10,0.830931999953464,1,0,0
10,1.1288295998238,1,1,0
10,1.2000000000000002,0,1,1
10,1.2000000000000002,0,0,1
10,0.509926799917594,0,0,0
10,1.2000000000000002,0,1,1
10,0.755716900108382,1,1,0
10,1.11252029985189,1,0,0
10,1.11894990014844,1,1,0
10,1.2000000000000002,0,0,1
10,1.2000000000000002,0,0,1
10,0.908219299977645,1,1,0
10,0.908174999989569,1,0,0
10,1.2000000000000002,0,1,1
10,0.854308800073341,1,1,0
10,0.473897800082341,0,0,0
10,0.758663599845022,1,1,0
10,0.728683199966326,1,0,0
10,0.518744499888271,0,1,0
10,1.2000000000000002,0,0,1
10,0.728678999934345,1,1,0
10,0.936968199908733,1,0,0
10,1.2000000000000002,0,0,1
10,1.2000000000000002,0,1,1
10,0.985237299930304,1,0,0
10,1.2000000000000002,0,1,1
10,1.2000000000000002,0,0,1
10,1.2000000000000002,0,1,1
10,0.791748600080609,1,1,0
10,0.760718599893153,0,0,0
10,0.745231899898499,1,0,0
10,0.8715745,1,1,0
10,1.2000000000000002,0,1,1
10,0.923339699860662,0,0,0
10,0.71286809979938,1,1,0
10,1.2000000000000002,0,0,1
10,0.669887700118124,1,1,0
10,0.953377199824899,1,0,0
10,0.705548400059342,1,1,0
10,0.698012599954382,0,0,0
10,0.796377300051972,0,0,0
10,0.585086700040847,0,1,0
10,1.2000000000000002,0,1,1
10,0.681187400128692,1,0,0
10,0.713175700046122,1,0,0
10,0.873349100118503,1,1,0
10,1.2000000000000002,0,1,1
10,0.656877999892458,1,0,0
10,0.663095799973235,0,1,0
10,1.2000000000000002,0,0,1
10,0.821371999802068,1,1,0
10,1.2000000000000002,0,0,1
10,0.87258299998939,1,0,0
10,0.728368200128898,0,1,0
10,0.608654800103977,1,1,0
10,0.569768300047144,0,0,0
10,0.768162499880418,1,1,0
10,1.2000000000000002,0,0,1
10,0.701250599930063,0,1,0
10,1.2000000000000002,0,0,1
10,1.2000000000000002,0,0,1
10,0.721258400008082,1,1,0
10,1.2000000000000002,0,0,1
10,0.616675199940801,1,1,0
10,0.632555899908766,0,0,0
10,1.2000000000000002,0,1,1
10,1.2000000000000002,0,0,1
10,0.584702600026503,1,1,0
10,0.729023199994117,1,0,0
10,1.2000000000000002,0,1,1
10,0.334732600022107,0,1,0
10,0.568628399865702,1,0,0
10,1.2000000000000002,0,1,1
10,0.61554399994202,1,0,0
10,0.967888900078833,0,0,0
10,1.2000000000000002,0,1,1
10,0.575698500033468,0,0,0
10,1.2000000000000002,0,1,1
10,0.79785620002076,1,0,0
10,1.2000000000000002,0,1,1
10,0.808765900088474,0,0,0
10,0.60831329994835,1,1,0
10,0.647700099973008,0,0,0
10,1.2000000000000002,0,1,1
10,1.2000000000000002,0,1,1
10,1.2000000000000002,0,0,1
10,0.683759700041264,1,0,0
10,0.66442869999446,1,1,0
10,0.873111000051722,1,0,0
10,0.789650999940932,1,1,0
10,0.696378099964932,1,1,0
10,0.600420400034636,1,0,0
10,0.664310600142926,1,1,0
10,1.2000000000000002,0,0,1
10,0.744810299947858,1,0,0
10,0.646381200058386,0,1,0
10,0.759672800078988,1,1,0
10,0.696653899969533,1,0,0
10,0.680536599829793,1,1,0
10,1.2000000000000002,0,0,1
10,1.2000000000000002,0,0,1
10,0.796132599934936,1,1,0
10,0.616134700132534,1,0,0
10,0.758281399961561,1,1,0
10,1.2000000000000002,0,0,1
10,0.770069599850103,0,1,0
10,1.13369269995019,1,1,0
10,1.2000000000000002,0,0,1
10,0.84823750006035,1,1,0
10,0.733423999976367,1,0,0
10,0.647188000148162,1,0,0
10,0.694516099989414,1,1,0
10,0.631734800059348,0,0,0
10,1.2000000000000002,0,1,1
10,0.743955499958247,1,0,0
10,0.743088799994439,0,1,0
10,0.838864000048488,1,0,0
10,0.791053599910811,1,1,0
10,0.667097300058231,1,0,0
10,0.791137600084767,1,1,0
10,0.678841499844566,1,0,0
10,0.631647299975157,0,1,0
10,0.629470499930903,1,1,0
10,0.6364885000512,1,0,0
10,0.646851500030607,1,0,0
10,1.2000000000000002,0,1,1
10,1.2000000000000002,0,0,1
10,1.2000000000000002,0,1,1
10,0.679167799884453,1,0,0
10,0.790384199935943,1,1,0
10,0.598601000150666,1,1,0
10,1.2000000000000002,0,0,1
10,0.63191180001013,1,0,0
10,0.696199999889359,1,1,0
10,0.80696459999308,1,1,0
10,0.87205610005185,1,0,0
10,0.791963300202042,1,0,0
10,1.2000000000000002,0,1,1
10,1.2000000000000002,0,0,1
10,1.07668630010448,1,1,0
10,1.2000000000000002,0,1,1
10,0.765619500074536,1,0,0
10,1.2000000000000002,0,0,1
10,0.574147100094706,0,1,0
10,0.550604299874976,1,1,0
10,0.567271400010213,1,0,0
10,0.583376900060102,0,1,0
10,0.887210599845275,1,0,0
10,0.584267100086436,1,0,0
10,0.791308499872684,1,1,0
10,0.758566099917516,1,1,0
10,0.712709699990228,1,0,0
10,0.839897500118241,1,1,0
10,0.552729499991983,1,0,0
10,0.647315800189972,1,0,0
10,0.822449299972504,1,1,0
10,0.886029199929908,1,1,0
10,0.904503699857742,1,0,0
10,0.877383799990639,1,1,0
10,1.2000000000000002,0,0,1
10,1.16737090004608,1,1,0
10,0.967977800173685,1,0,0
10,0.780007699970156,0,1,0
10,1.2000000000000002,0,0,1
10,1.2000000000000002,0,0,1
10,0.68443759996444,1,1,0
10,1.2000000000000002,0,1,1
10,0.604952800087631,1,0,0
10,0.701682199956849,0,0,0
10,1.2000000000000002,0,1,1
10,0.459982299944386,0,0,0
10,0.646096699871123,1,1,0
10,0.88718429999426,1,1,0
10,0.599254100117832,0,0,0
10,0.614662100095302,1,1,0
10,0.999751999974251,1,0,0
10,0.598512700060382,1,1,0
10,0.743322000140324,1,0,0
10,1.2000000000000002,0,0,1
10,1.2000000000000002,0,1,1
10,0.736364099895582,1,1,0
10,0.615058500086889,0,0,0
10,1.14280369994231,1,0,0
10,1.06163059989922,1,1,0
10,0.694016800029203,1,0,0
10,1.2000000000000002,0,1,1
10,0.679839699994773,1,1,0
10,1.2000000000000002,0,0,1
10,0.604373099980876,0,0,0
10,0.81254870002158,1,1,0
10,0.876165899913758,1,1,0
10,1.2000000000000002,0,0,1
10,0.379996100207791,1,0,0
10,0.61475529987365,1,1,0
10,0.710781800094992,1,1,0
10,0.775571999838576,1,0,0
10,0.699646300170571,1,1,0
10,0.728466399945319,1,0,0
10,0.663920900085941,1,0,0
10,0.598391899839044,0,1,0
10,1.2000000000000002,0,0,1
10,0.90316960006021,1,1,0
10,0.950265899999067,1,1,0
10,0.807014100020751,1,0,0
10,0.726171100046486,1,1,0
10,0.950995299965143,1,0,0
10,1.04627689998597,1,0,0
10,1.2000000000000002,0,1,1
10,1.2000000000000002,0,1,1
10,0.648185699945316,1,0,0
10,0.727871000068262,1,0,0
10,0.916526699904352,1,1,0
10,0.873501599999145,1,0,0
10,1.2000000000000002,0,1,1
10,0.918640499934554,1,1,0
10,1.2000000000000002,0,0,1
10,1.2000000000000002,0,0,1
10,1.2000000000000002,0,1,1
10,0.749168599955738,1,1,0
10,0.753247499931604,1,0,0
10,1.17481390014291,0,1,0
10,0.807283200090751,1,0,0
1,0.807368299982045,1,0,0
1,1.2000000000000002,0,1,1
1,1.08245539997006,1,1,0
1,0.315602199989371,0,0,0
1,1.09650640003383,1,0,0
1,1.2000000000000002,0,1,1
1,1.2000000000000002,0,0,1
1,1.08687920001103,1,1,0
1,1.2000000000000002,0,0,1
1,0.977353399968706,0,1,0
1,1.2000000000000002,0,1,1
1,1.2000000000000002,0,0,1
1,1.2000000000000002,0,1,1
1,1.2000000000000002,0,0,1
1,0.984739000035916,0,1,0
1,1.2000000000000002,0,0,1
1,0.304243999999017,0,1,0
1,1.2000000000000002,0,0,1
1,1.2000000000000002,0,1,1
1,0.317970500036608,1,0,0
1,1.11459309997736,0,0,0
1,1.01680250000209,1,1,0
1,1.14681000000564,0,0,0
1,0.80663139995886,0,1,0
1,0.791688700031955,1,0,0
1,0.760235000052489,0,1,0
1,1.01957409997704,1,0,0
1,0.951096100034192,0,1,0
1,0.303625400003511,0,0,0
1,0.304366099997424,1,1,0
1,0.654687099973671,1,1,0
1,0.760180399985984,1,0,0
1,1.2000000000000002,0,1,1
1,1.2000000000000002,0,0,1
1,0.396532399987336,0,1,0
1,1.2000000000000002,0,0,1
1,0.873117900046054,0,0,0
1,1.17684840003494,0,1,0
1,1.14522129995748,1,0,0
1,1.01809199998388,1,1,0
1,0.857275700022001,1,1,0
1,1.2000000000000002,0,0,1
1,0.947129699983634,0,0,0
1,1.08068339998135,1,1,0
1,0.847273299994413,1,1,0
1,1.2000000000000002,0,0,1
1,0.632973700005095,0,1,0
1,0.970730400003958,1,0,0
1,0.938193299982231,0,0,0
1,0.746150400023907,0,1,0
1,0.890012100047898,0,0,0
1,1.12962080002762,1,1,0
1,0.827298799995333,0,1,0
1,1.06602010002825,1,0,0
1,0.969216600002255,1,1,0
1,1.2000000000000002,0,0,1
1,0.730702799977735,1,1,0
1,1.2000000000000002,0,0,1
1,0.952665299992077,1,1,0
1,1.03278020001017,0,0,0
1,1.2000000000000002,0,0,1
1,1.2000000000000002,0,1,1
1,0.76114439999219,0,0,0
1,1.2000000000000002,0,1,1
1,0.712969100044575,1,0,0
1,0.616131999995559,0,1,0
1,0.632695899985265,1,1,0
1,0.809692100039683,0,0,0
1,0.792637799982913,1,0,0
1,1.2000000000000002,0,1,1
1,0.856135800015181,1,1,0
1,1.2000000000000002,0,0,1
1,0.521356700046454,0,1,0
1,0.601288400008343,0,0,0
1,0.696327599987853,1,1,0
1,0.904506799997762,0,0,0
1,1.2000000000000002,0,1,1
1,0.880084500007797,0,0,0
1,1.17941290000454,0,0,0
1,1.2000000000000002,0,1,1
1,1.2000000000000002,0,1,1
1,0.649999500019476,1,0,0
1,1.2000000000000002,0,0,1
1,0.878468599985354,1,1,0
1,0.99950680002803,1,1,0
1,0.841542700014543,0,0,0
1,0.856236000021454,1,1,0
1,0.90601970005082,0,0,0
1,1.2000000000000002,0,1,1
1,1.07178120000754,1,0,0
1,0.97002850001445,1,0,0
1,0.936590700002853,0,1,0
1,0.856547400006093,0,1,0
1,0.890285799978301,0,0,0
1,0.970229999977164,1,1,0
1,0.985457899980247,1,0,0
1,0.954020299948752,1,1,0
1,0.841658500023186,0,0,0
1,0.856619200028945,1,0,0
1,0.857142200053204,0,1,0
1,1.04906439996557,1,0,0
1,0.937434400024358,1,1,0
1,1.14523610001197,1,0,0
1,0.873165600001812,1,1,0
1,0.827461200009566,1,0,0
1,0.840718500025105,1,1,0
1,0.778458699991461,1,0,0
1,0.857035799999721,0,1,0
1,1.2000000000000002,0,1,1
1,0.84122360002948,1,0,0
1,0.824911000032444,1,1,0
1,0.841699599986896,1,0,0
1,0.88776469998993,1,0,0
1,0.888691400003154,1,1,0
1,0.793018599972129,1,0,0
1,0.824264900002163,0,1,0
1,1.2000000000000002,0,0,1
1,0.665244599978905,1,1,0
1,0.552461299987044,0,0,0
1,0.647266799991485,0,1,0
1,0.680662999977358,1,0,0
1,0.344123999995645,0,1,0
1,0.727400300034788,1,1,0
1,1.12821900000563,1,0,0
1,0.889955400023609,0,0,0
1,0.983916800003499,0,1,0
1,0.826504500000738,1,0,0
1,0.911459799972363,1,1,0
1,0.93605670001125,1,1,0
1,1.0339453999768,1,0,0
1,0.761960000032559,1,1,0
1,1.06585890002316,0,0,0
1,0.919618999992963,1,0,0
1,1.09547719999682,1,1,0
1,1.06410499999765,1,1,0
1,0.824487300007604,1,0,0
1,0.713489899993874,1,1,0
1,1.15061179996701,1,0,0
1,0.873192199971527,1,0,0
1,1.2000000000000002,0,1,1
1,1.03253440000117,1,0,0
1,0.919776600028854,1,1,0
1,1.11099129996728,1,0,0
1,0.952620199997909,0,1,0
1,0.664317100017797,0,1,0
1,0.360899799969047,0,0,0
1,1.17683830001624,0,1,0
1,1.2000000000000002,0,0,1
1,1.17759119998664,1,0,0
1,1.17633079999359,1,1,0
1,1.00077430001693,1,0,0
1,1.2000000000000002,0,1,1
1,1.2000000000000002,0,0,1
1,0.870223000005353,0,1,0
1,0.98445690004155,1,0,0
1,1.00039830000605,1,1,0
1,0.762250599975232,0,0,0
1,1.12893449998228,1,1,0
1,0.904870400030632,0,0,0
1,0.872614100051578,1,1,0
1,1.2000000000000002,0,1,1
1,1.2000000000000002,0,0,1
1,1.2000000000000002,0,0,1
1,0.590741400024854,0,1,0
1,1.2000000000000002,0,0,1
1,0.303255399980117,0,1,0
1,0.664045199984685,1,0,0
1,0.742809499963187,0,1,0
1,1.2000000000000002,0,1,1
1,0.366023699985817,0,0,0
1,0.600526900030673,1,0,0
1,1.07962299999781,0,1,0
1,0.808531499991659,0,1,0
1,0.760741900012363,0,0,0
1,0.663631199975498,1,0,0
1,0.617237500031479,1,1,0
1,0.951154200010933,1,0,0
1,0.938219300005585,0,1,0
1,0.566980500007048,0,1,0
1,1.05060850002337,0,0,0
1,0.920198599982541,0,0,0
1,0.950666399963666,1,1,0
1,0.904346900002565,0,1,0
1,0.792754499998409,1,0,0
1,0.840609699953347,0,1,0
1,1.0628780000261,0,0,0
1,1.2000000000000002,0,0,1
1,0.950621799973305,1,1,0
1,0.791906500002369,1,1,0
1,1.03183039999567,1,0,0
1,0.855452600051649,0,1,0
1,0.647090399987064,0,0,0
1,1.2000000000000002,0,0,1
1,0.303647699998692,1,1,0
1,0.657849200011697,1,1,0
1,1.2000000000000002,0,0,1
1,0.743943200039212,1,1,0
1,1.2000000000000002,0,0,1
1,0.844205599976704,0,1,0
1,1.2000000000000002,0,0,1
1,0.984035299974494,1,1,0
1,1.12697849998949,1,0,0
1,0.989531800034456,1,0,0
1,0.920499400002882,0,1,0
1,0.744293400028255,1,1,0
1,0.920733399980236,0,0,0
1,0.984538499964401,1,0,0
1,1.2000000000000002,0,1,1
1,1.11702770000556,0,0,0
1,0.502691200003028,1,1,0
1,0.77619780000532,1,1,0
1,0.776024000020698,0,0,0
1,0.952130599995144,1,1,0
1,0.806337999994867,0,0,0
1,0.935545000014827,0,1,0
1,0.794513700006064,0,0,0
1,1.2000000000000002,0,0,1
1,1.2000000000000002,0,1,1
1,0.303969100001268,0,1,0
1,1.2000000000000002,0,0,1
1,0.984135999984574,1,0,0
1,0.919329299998935,1,1,0
1,0.904333000013139,1,0,0
1,1.2000000000000002,0,1,1
1,0.679331800027285,1,1,0
1,0.678830899996683,0,0,0
1,0.648684000014327,1,0,0
1,1.12613819999387,0,1,0
1,0.98428520001471,1,1,0
1,1.0479544000118,0,0,0
1,0.87066259997664,0,0,0
1,0.949941299972124,0,1,0
1,1.17479700001422,1,1,0
1,0.903565599990543,0,0,0
1,1.2000000000000002,0,1,1
1,1.0795224000467,1,0,0
1,1.09674399998039,1,0,0
1,0.886876299977303,0,1,0
1,1.2000000000000002,0,0,1
1,0.662808900000528,0,1,0
1,0.646592800039798,0,1,0
1,0.80767199996626,1,0,0
1,0.791073800006416,1,1,0
1,0.662956900021527,0,0,0
1,0.83946869999636,0,0,0
1,1.11141830001725,1,1,0
1,1.2000000000000002,0,1,1
1,1.2000000000000002,0,0,1
1,0.935977099987213,1,0,0
1,0.88763499999186,1,1,0
1,0.983208400022704,0,0,0
1,0.650117699988186,1,1,0
1,1.00007010000991,0,1,0
1,1.00030760001391,1,0,0
1,0.984467000002041,1,0,0
1,1.15884430002188,1,1,0
1,0.983873599965591,1,1,0
1,0.843242800037842,1,0,0
1,0.647108900011517,0,1,0
1,0.743455100047868,1,0,0
2,0.919835999957286,1,0,0
2,0.742085000034422,1,1,0
2,0.933271699992474,1,0,0
2,0.857109600037802,1,1,0
2,0.603777799988165,1,1,0
2,1.2000000000000002,0,0,1
2,0.760590700025205,1,1,0
2,1.2000000000000002,0,0,1
2,0.986041800002567,1,0,0
2,0.537089599994943,1,1,0
2,1.00225810002303,1,1,0
2,0.937950999999885,0,0,0
2,1.2000000000000002,0,0,1
2,0.910218300006818,1,1,0
2,0.633588899974711,1,1,0
2,1.04969869996421,1,0,0
2,1.09726100001717,1,0,0
2,0.568711300031282,1,1,0
2,1.2000000000000002,0,0,1
2,0.943423599994276,1,1,0
2,0.520281999954022,1,1,0
2,0.712624499981757,1,0,0
2,1.08440819999669,1,0,0
2,0.551989700004924,1,1,0
2,0.713846899976488,1,0,0
2,0.589193499996327,1,1,0
2,0.988627700018696,1,0,0
2,0.569148399983533,1,1,0
2,0.758704299980309,1,0,0
2,0.600884200015571,1,1,0
2,0.489109900023323,1,1,0
2,0.856427700025961,0,0,0
2,0.793684600037523,1,1,0
2,0.746022499981336,1,0,0
2,0.679836399969645,1,0,0
2,0.728881799965166,1,1,0
2,1.01597990002483,0,1,0
2,0.634156399988569,0,0,0
2,0.680490400001872,1,1,0
2,0.633568299992476,1,0,0
2,1.2000000000000002,0,0,1
2,0.960293799987994,1,1,0
2,0.651750000019092,1,1,0
2,0.522191900003236,1,0,0
2,0.601510900014546,1,1,0
2,0.810090099985246,1,0,0
2,0.527307100011967,1,1,0
2,0.84053699998185,1,0,0
2,0.630773900018539,1,1,0
2,0.734853599977214,0,0,0
2,0.873789599980228,1,1,0
2,1.2000000000000002,0,0,1
2,1.0186834000051,1,0,0
2,0.440316099964548,1,1,0
2,1.2000000000000002,0,0,1
2,1.09607279999182,1,1,0
2,1.0012969999807,1,0,0
2,0.763020300015341,1,1,0
2,0.907195699983276,1,0,0
2,0.713474799995311,1,1,0
2,0.536385699990205,1,1,0
2,0.746370600012597,1,0,0
2,0.952812700008508,1,0,0
2,0.506068500049878,1,1,0
2,0.782295499986503,1,0,0
2,0.711736700031906,1,1,0
2,0.921425099950284,1,0,0
2,0.536930500005838,1,1,0
2,0.521357099991292,1,1,0
2,0.633870399964508,1,0,0
2,0.777713600022253,1,1,0
2,0.842357899993658,1,0,0
2,0.7447978000273,1,1,0
2,0.552220700017642,1,0,0
2,0.745803500001784,1,1,0
2,0.958778400032315,1,0,0
2,0.504941399965901,1,0,0
2,0.553481200011447,1,1,0
2,0.509195499995258,1,1,0
2,0.58483539998997,1,0,0
2,0.616842299990822,1,1,0
2,0.617714899999555,1,0,0
2,0.633932600030676,1,0,0
2,0.488453100027982,1,1,0
2,0.489660799968988,1,1,0
2,0.569787199958228,1,0,0
2,0.698110400000587,1,0,0
2,0.391198800003622,1,1,0
2,0.847234199987724,1,0,0
2,0.585764199960977,1,1,0
2,0.744706100027543,1,1,0
2,0.872476399992593,0,0,0
2,0.828369499999098,1,0,0
2,0.537673600018024,1,1,0
2,0.456782200024463,1,1,0
2,1.2000000000000002,0,0,1
2,0.654296799970325,1,1,0
2,0.681020299962256,1,0,0
2,0.536460099974647,0,0,0
2,0.489447399973869,1,1,0
2,0.904517800023314,1,1,0
2,0.584078799991403,0,0,0
2,0.554262700024992,1,0,0
2,0.85468089999631,1,1,0
2,0.762117500009481,1,0,0
2,0.393118100007996,1,1,0
2,0.520258200005628,1,1,0
2,0.633400099992286,1,0,0
2,0.6151494999649,1,1,0
2,0.407483700022567,0,0,0
2,1.01851919997716,1,0,0
2,0.583955499983858,1,1,0
2,0.665356100013014,1,0,0
2,0.616472600027919,1,1,0
2,0.712995800015051,1,0,0
2,0.584729900001548,1,1,0
2,0.968669400026556,1,0,0
2,0.873038000019733,0,1,0
2,0.552268500032369,1,1,0
2,0.713165799970739,1,0,0
2,1.2000000000000002,0,1,1
2,0.910160100029316,1,0,0
2,0.536680500023067,1,1,0
2,0.377664099971298,1,0,0
2,0.796054899983574,1,0,0
2,0.48963070003083,1,1,0
2,1.01794510002946,1,0,0
2,0.573513000039384,1,1,0
2,0.567864100041334,1,1,0
2,0.808646799996495,1,0,0
2,0.620782399957534,1,0,0
2,0.537472800002433,1,1,0
2,0.697536399995442,1,0,0
2,0.461596900015138,1,1,0
2,0.792335000005551,1,0,0
2,0.617052000015974,1,1,0
2,0.616578100016341,1,1,0
2,0.827627499995288,1,0,0
2,0.871897700009868,0,1,0
2,0.712337999953888,1,0,0
2,0.808863200014457,1,1,0
2,0.665725699975155,1,0,0
2,0.728233499976341,0,0,0
2,0.95292910002172,1,1,0
2,0.856083500024397,0,0,0
2,0.741508200007956,1,1,0
2,0.664901799988002,1,1,0
2,0.607215200026985,1,0,0
2,0.697060600039549,1,0,0
2,0.503665600030217,1,1,0
2,0.746058699965943,1,0,0
2,0.615158000029624,1,1,0
2,0.825050699990243,0,0,0
2,0.585592100047506,1,1,0
2,0.695498200017028,1,1,0
2,0.712694799993187,1,0,0
2,0.973381499992684,1,0,0
2,0.860388700035401,1,1,0
2,0.569472200004384,0,0,0
2,0.827091399987694,1,1,0
2,0.568561399995815,1,1,0
2,0.64772940002149,0,0,0
2,0.99935880000703,1,1,0
2,0.761075799993705,1,0,0
2,0.697281400032807,0,0,0
2,0.743825500016101,1,1,0
2,0.823789500049315,1,1,0
2,0.552356999949552,1,0,0
2,0.840488600020763,1,0,0
2,0.569075100007467,1,1,0
2,0.665329100040253,0,0,0
2,0.696529099950567,1,1,0
2,0.631708899978548,0,0,0
2,0.72780039999634,1,1,0
2,0.968491800012998,1,0,0
2,0.445261399960145,1,1,0
2,0.854303399974015,1,0,0
2,0.553098200005479,1,1,0
2,0.489404399995692,1,1,0
2,0.744964299956337,1,0,0
2,0.711723899992649,1,1,0
2,0.791671200015116,1,0,0
2,0.492721799993888,1,1,0
2,1.2000000000000002,0,0,1
2,0.437355100002605,1,1,0
2,0.600722800008953,1,0,0
2,1.2000000000000002,0,1,1
2,1.10945420002099,1,0,0
2,0.618876599997748,1,1,0
2,0.680736800015438,1,0,0
2,0.51310449995799,1,1,0
2,0.648939899983816,1,0,0
2,0.702779900049791,1,1,0
2,0.627037700032815,1,0,0
2,0.513204800023232,1,1,0
2,0.616655899968464,1,0,0
2,0.475548200018238,1,1,0
2,0.646357399993576,1,0,0
2,0.513432000007015,1,1,0
2,0.578929999959655,1,0,0
2,1.1596537999576,1,0,0
2,0.631388099980541,1,1,0
2,0.561805499950424,1,1,0
2,0.665745899954345,1,0,0
2,0.728868299978785,1,1,0
2,0.544949200004339,1,0,0
2,0.760012099985033,1,0,0
2,0.512636100000236,1,1,0
2,0.520839699951466,1,0,0
2,0.519537399988621,1,1,0
2,0.488474300014786,1,1,0
2,0.55302330001723,1,0,0
2,0.67910780000966,1,0,0
2,0.472113399999216,1,1,0
2,0.856807900010608,1,0,0
2,0.77609380002832,1,1,0
2,0.806998499960173,1,0,0
2,0.760142500046641,1,1,0
2,0.77985529997386,1,1,0
2,0.64788820000831,1,0,0
2,0.534810000041034,1,1,0
2,0.82357750000665,1,0,0
2,0.695746100042015,1,0,0
2,0.58826799999224,1,1,0
2,0.982724500005133,1,0,0
2,0.584562400006689,1,1,0
2,0.679586399986874,1,1,0
2,0.936823999974877,1,0,0
2,0.807166500017047,1,0,0
2,0.743725500011351,1,1,0
2,0.491063299996313,1,1,0
2,0.615827400004491,1,0,0
2,1.2000000000000002,0,1,1
2,0.75509890000103,0,0,0
2,0.469849599990994,1,1,0
2,0.695100200013258,1,0,0
2,0.74792829999933,1,1,0
2,0.856139700044878,1,0,0
2,0.615491600008681,0,0,0
2,0.519211800012272,1,1,0
2,0.502825099974871,1,1,0
2,1.2000000000000002,0,0,1
2,0.725614399998449,0,0,0
2,0.870834000001196,1,1,0
2,0.742008099972736,1,0,0
2,0.775869700009935,1,1,0
2,0.503075300017372,1,1,0
2,0.503272200003266,0,0,0
2,0.727708299993537,0,0,0
2,0.617743300041184,1,1,0
2,0.583487800031435,1,0,0
2,0.726175800024066,1,1,0
2,0.50328730000183,1,1,0
2,0.472675300028641,0,0,0
2,0.540303100016899,1,1,0
2,0.69519020000007,0,0,0
2,0.679755799996201,1,1,0
2,0.551222499983851,1,0,0
2,0.715171199990436,1,0,0
2,0.67912610003259,1,1,0
3,0.64635699999053,0,0,0
3,0.967305099999066,1,1,0
3,0.646777899994049,1,1,0
3,0.697045699984301,1,0,0
3,0.687749499978963,0,0,0
3,0.872846100013703,1,1,0
3,0.778586300031748,1,0,0
3,0.905458799970802,1,1,0
3,1.2000000000000002,0,0,1
3,0.733096399984788,0,1,0
3,0.453764599980786,1,1,0
3,1.00065459997859,1,0,0
3,0.600363900011871,1,1,0
3,0.729407800012268,1,0,0
3,0.926820699998643,1,1,0
3,0.873536300030537,1,0,0
3,0.952754500031006,1,1,0
3,0.95504470000742,0,0,0
3,0.51059969997732,0,1,0
3,0.697958900011145,0,0,0
3,0.768314000044484,0,0,0
3,0.585779600020032,1,1,0
3,0.767987800005358,1,0,0
3,0.857138699968345,1,1,0
3,0.874507799977437,1,0,0
3,0.698079299996607,1,1,0
3,0.783892799983732,1,0,0
3,0.791626399965025,1,1,0
3,0.617757300031371,1,0,0
3,0.83375419996446,0,1,0
3,0.886811600008514,1,1,0
3,0.681031199987046,1,0,0
3,1.11389179999242,0,1,0
3,0.841395199997351,0,0,0
3,1.16202250000788,1,1,0
3,1.2000000000000002,0,0,1
3,1.2000000000000002,0,0,1
3,0.889690799987875,1,1,0
3,1.2000000000000002,0,0,1
3,0.991702800034545,1,1,0
3,0.840489400026854,1,1,0
3,1.2000000000000002,0,0,1
3,0.701898500032257,1,0,0
3,0.521303099987563,0,1,0
3,0.745388999988791,1,1,0
3,1.14568040001905,1,0,0
3,0.745947299990803,1,1,0
3,1.2000000000000002,0,0,1
3,0.322515499952715,1,0,0
3,0.569872400024906,0,1,0
3,0.424732999992557,1,0,0
3,0.362130800029263,0,1,0
3,0.491349899966735,1,1,0
3,1.2000000000000002,0,0,1
3,0.607010200037621,1,1,0
3,0.970127200009301,1,0,0
3,1.2000000000000002,0,1,1
3,1.2000000000000002,0,0,1
3,1.2000000000000002,0,1,1
3,0.959898000000976,0,0,0
3,1.14574279997032,0,0,0
3,0.872250899963547,1,1,0
3,0.665268400043715,1,0,0
3,0.567542399978265,0,1,0
3,0.633582399983425,0,0,0
3,1.2000000000000002,0,1,1
3,0.585170699981973,0,1,0
3,1.00261219998356,0,0,0
3,1.2000000000000002,0,0,1
3,0.530581400031224,0,1,0
3,0.857185500033665,1,1,0
3,1.2000000000000002,0,0,1
3,0.509046000021044,0,1,0
3,0.793688200006727,1,0,0
3,1.2000000000000002,0,1,1
3,0.776787600014359,1,0,0
3,1.2000000000000002,0,1,1
3,1.2000000000000002,0,0,1
3,1.19424069998786,1,0,0
3,0.823458099970594,1,1,0
3,1.06605349999154,1,1,0
3,1.2000000000000002,0,0,1
3,0.810121599992272,1,0,0
3,1.2000000000000002,0,1,1
3,0.777169900014997,1,1,0
3,1.2000000000000002,0,0,1
3,0.983245000010356,1,1,0
3,0.905705699988175,1,0,0
3,1.11339960002806,1,1,0
3,1.12946610001381,1,0,0
3,1.2000000000000002,0,0,1
3,0.923115100013092,1,1,0
3,0.663148899970111,1,1,0
3,1.00184410001384,1,0,0
3,0.713134899968281,1,1,0
3,1.16102500003763,1,0,0
3,0.782812399964314,0,1,0
3,1.2000000000000002,0,0,1
3,1.2000000000000002,0,0,1
3,0.671398799982853,1,1,0
3,1.2000000000000002,0,0,1
3,0.66611260001082,1,1,0
3,0.873017500038259,0,0,0
3,0.633162900048774,1,1,0
3,0.732013799948618,1,0,0
3,1.09633929998381,1,1,0
3,0.679852899978869,1,0,0
3,0.744465900002979,1,1,0
3,0.793078899965622,1,1,0
3,1.2000000000000002,0,0,1
3,1.2000000000000002,0,1,1
3,0.840340700000525,1,0,0
3,1.02246460004244,1,0,0
3,0.711282400006894,1,1,0
3,1.2000000000000002,0,0,1
3,1.2000000000000002,0,1,1
3,1.2000000000000002,0,0,1
3,0.319654099992476,0,1,0
3,0.664929400023539,1,0,0
3,0.888150500017218,1,1,0
3,0.967468600021675,1,0,0
3,1.2000000000000002,0,1,1
3,0.682185699988622,1,1,0
3,1.01618500001496,1,0,0
3,1.2000000000000002,0,0,1
3,0.840672099962831,1,1,0
3,1.2000000000000002,0,0,1
3,0.762188600027002,1,1,0
3,1.2000000000000002,0,1,1
3,0.697120900033042,1,0,0
3,0.63206380000338,0,1,0
3,0.687867400003597,1,0,0
3,1.04739240003983,1,0,0
3,0.823997200001031,1,1,0
3,1.0327963999589,1,1,0
3,1.2000000000000002,0,0,1
3,0.665779299975839,1,1,0
3,0.841024499968626,1,0,0
3,0.664474399993196,1,0,0
3,1.15996090002591,0,1,0
3,0.777107100002468,1,0,0
3,0.904005099961068,1,1,0
3,0.873000400024466,1,0,0
3,1.2000000000000002,0,1,1
3,0.694272499997169,1,1,0
3,0.714299299987033,0,0,0
3,0.718988999957219,1,1,0
3,0.969033000001218,1,0,0
3,0.713789100002032,1,0,0
3,0.647720900014974,1,1,0
3,0.792678800004069,1,0,0
3,0.745536000002176,1,1,0
3,0.919501500029583,1,0,0
3,0.76002809999045,0,1,0
3,1.2000000000000002,0,0,1
3,0.926838699961081,1,1,0
3,0.655516400001943,1,0,0
3,0.681201600003988,1,1,0
3,0.601446300046518,1,0,0
3,1.11127019999549,1,1,0
3,0.631524899974465,1,1,0
3,0.696482500003185,1,0,0
3,0.92142980004428,1,0,0
3,1.03307020000648,0,1,0
3,0.663450199994259,1,0,0
3,1.2000000000000002,0,1,1
3,0.79183349997038,1,0,0
3,1.2000000000000002,0,1,1
3,0.749310999992304,1,1,0
3,1.03339240001515,0,0,0
3,0.80944569996791,1,0,0
3,1.04803489998449,1,1,0
3,0.728097299986985,0,1,0
3,0.56986109999707,1,0,0
3,0.553560999978799,1,0,0
3,0.729265500034671,0,1,0
3,0.840621500043198,1,0,0
3,1.11272159998771,0,1,0
3,0.728096499980893,1,1,0
3,0.686900199973024,1,0,0
3,0.601073400001042,1,0,0
3,0.953364600019995,1,1,0
3,0.664625700039323,1,1,0
3,0.664716999977827,1,0,0
3,1.1759175999905,1,1,0
3,0.809169599961024,1,0,0
3,0.968926999950781,1,0,0
3,1.12877469998784,1,1,0
3,0.567364500020631,1,1,0
3,0.600588500034064,1,0,0
3,1.07792700000573,1,1,0
3,0.58320019999519,1,0,0
3,0.536151700012852,0,0,0
3,1.2000000000000002,0,1,1
3,0.535582399985287,1,1,0
3,1.2000000000000002,0,0,1
3,1.2000000000000002,0,1,1
3,0.893785600026604,1,0,0
3,0.698556400020607,0,1,0
3,1.06286770000588,1,0,0
3,0.630603300000075,1,1,0
3,0.567977100028656,0,0,0
3,1.2000000000000002,0,0,1
3,0.924544200010132,0,1,0
3,0.693194899999071,0,1,0
3,0.552688899973873,0,0,0
3,0.728038500004914,0,0,0
3,1.2000000000000002,0,1,1
3,0.893106800038368,1,0,0
3,0.584223200043198,1,1,0
3,1.2000000000000002,0,1,1
3,0.750573299999814,1,0,0
3,0.663423600024544,1,1,0
3,0.727922700054478,1,0,0
3,0.534562200016808,1,1,0
3,0.583540000021458,1,0,0
3,0.633150300011039,0,0,0
3,0.581002099963371,1,1,0
3,1.2000000000000002,0,1,1
3,0.909226599964313,1,0,0
3,0.974304900038987,1,0,0
3,0.648675100004766,1,1,0
3,0.617254600045271,1,0,0
3,0.744497700012289,1,1,0
3,1.06624109996483,1,1,0
3,0.541567799984477,1,0,0
3,0.616604399983771,1,0,0
3,1.2000000000000002,0,1,1
3,1.17566130001796,1,1,0
3,0.615707200020552,0,0,0
3,0.670641400036402,1,0,0
3,1.04438789997948,1,1,0
3,0.775709000008646,1,1,0
3,0.856003699998837,1,0,0
3,0.908471199974883,1,1,0
3,0.631007299991325,1,0,0
3,0.555920799961314,1,0,0
3,0.694383199966978,0,1,0
3,0.792024199967273,1,0,0
3,0.632081700023264,1,1,0
3,1.09614810004132,1,1,0
3,1.0132058999734,1,0,0
3,0.662734000012279,1,1,0
3,1.2000000000000002,0,0,1
3,0.7602571999887,1,0,0
3,1.2000000000000002,0,1,1
3,0.709193799993955,1,1,0
3,1.2000000000000002,0,0,1
3,0.583066100021824,1,0,0
3,0.920391599996947,1,1,0
3,0.955666700028814,1,0,0
3,0.487566500029061,0,1,0
3,0.534332400013227,1,1,0
3,0.711854799999855,0,0,0
3,0.791171599994414,1,0,0
3,1.2000000000000002,0,1,1
3,0.487021200009622,1,1,0
3,0.646797400026117,1,0,0
3,0.775656800018623,0,1,0
3,1.2000000000000002,0,0,1
4,1.12750820000656,1,0,0
4,0.728609399986453,1,1,0
4,1.12586670002202,1,0,0
4,1.04783840000164,1,1,0
4,0.96927840000717,1,1,0
4,1.2000000000000002,0,0,1
4,0.856617600016762,1,1,0
4,0.775397199962754,0,0,0
4,0.970090099959634,1,0,0
4,1.01680470001884,1,1,0
4,0.922107099962886,1,1,0
4,0.984569300024305,1,0,0
4,0.842489500006195,1,0,0
4,0.61650219996227,1,1,0
4,0.601718800025992,1,1,0
4,1.16122700000415,1,0,0
4,1.2000000000000002,0,0,1
4,0.664301400014665,1,1,0
4,0.954442899965215,1,0,0
4,0.649937000009231,1,1,0
4,0.778544800006784,1,1,0
4,0.506593699974474,0,0,0
4,0.90456609998364,0,0,0
4,0.696797000011429,1,1,0
4,0.617300499987323,0,0,0
4,0.681587399973068,1,1,0
4,0.888944700011052,1,0,0
4,0.675317300017923,1,1,0
4,0.696694699989166,1,0,0
4,0.794076699996367,0,1,0
4,0.537817000003997,1,1,0
4,0.633979099977296,1,0,0
4,0.537524499988649,1,1,0
4,0.871665099984966,1,0,0
4,0.568571200012229,0,0,0
4,0.521839399996679,1,1,0
4,0.632900499971583,1,1,0
4,0.77791880001314,0,0,0
4,0.906081699999049,1,1,0
4,0.825046299956739,1,0,0
4,0.729408399958629,1,0,0
4,0.745798999967519,1,1,0
4,0.791887299972586,1,1,0
4,0.922456600004807,0,0,0
4,0.713644100003876,1,1,0
4,0.858929999987595,1,0,0
4,0.488142299989704,1,1,0
4,0.664567300002091,0,0,0
4,0.698086499993224,0,1,0
4,0.50504479999654,1,0,0
4,0.553393999987748,1,1,0
4,0.808362899988424,1,0,0
4,0.664990100020077,0,0,0
4,0.616397500038147,1,1,0
4,0.747040699992795,0,0,0
4,0.681187700014561,1,1,0
4,1.17739650001749,1,0,0
4,0.682431599998381,1,1,0
4,0.730943400005344,0,0,0
4,0.698299899988342,1,1,0
4,0.745157999976072,1,1,0
4,0.6176725999685,0,0,0
4,0.874410999997053,0,0,0
4,0.601423099986278,1,1,0
4,0.713107199990191,1,0,0
4,0.857440599997062,1,1,0
4,0.680753300024662,1,0,0
4,0.445440499985125,1,1,0
4,0.599784499965608,0,1,0
4,0.618146699969657,0,0,0
4,0.55234749999363,0,1,0
4,0.713374999992084,1,0,0
4,0.473026000021491,0,1,0
4,0.330040999979246,1,0,0
4,0.411998399998993,1,1,0
4,1.2000000000000002,0,0,1
4,1.2000000000000002,0,0,1
4,0.410879900038708,1,1,0
4,0.756572899990715,1,1,0
4,0.761178100015968,1,0,0
4,0.921085100038908,1,1,0
4,0.79368980001891,1,0,0
4,0.793286699976306,1,0,0
4,0.71620670001721,1,1,0
4,0.633481999975629,0,1,0
4,0.857743000029586,1,0,0
4,0.889121000014711,0,0,0
4,0.791535599972121,1,1,0
4,0.760416399978567,1,0,0
4,0.791443899972364,1,1,0
4,0.715538799995556,1,1,0
4,0.905080299999099,1,0,0
4,1.2000000000000002,0,0,1
4,0.734913999971468,1,1,0
4,0.968346000008751,0,1,0
4,0.713909299985971,1,0,0
4,0.681666199991014,1,1,0
4,0.872475199983455,1,0,0
4,0.872620199981611,1,0,0
4,0.569915800006129,1,1,0
4,0.598732700047549,1,1,0
4,0.697311899974011,1,0,0
4,0.617396400019061,0,0,0
4,0.679739899991546,1,1,0
4,0.634429899975657,0,0,0
4,0.8236598999938,1,1,0
4,0.760375900019426,1,1,0
4,1.01685479999287,1,0,0
4,0.776631799992174,1,1,0
4,0.904884200019296,1,0,0
4,0.874130599957425,0,0,0
4,0.583443599985912,1,1,0
4,0.873566999973264,1,0,0
4,0.713657999993302,1,1,0
4,0.663778100046329,1,0,0
4,0.69753900001524,0,1,0
4,0.858147800026927,1,0,0
4,0.600511199969333,1,1,0
4,0.967831199988723,1,1,0
4,1.01758609997341,1,0,0
4,0.585202899994329,1,1,0
4,1.11117480002576,1,0,0
4,0.809007700008806,1,1,0
4,0.825584300037008,1,0,0
4,0.697897099948023,1,0,0
4,0.632384100055788,1,1,0
4,0.777578399982303,1,0,0
4,0.63149290002184,1,1,0
4,0.873666600033175,1,1,0
4,0.632139599998482,1,0,0
4,1.2000000000000002,0,0,1
4,0.696482500003185,1,1,0
4,0.728947499999776,0,0,0
4,0.648108099994715,1,1,0
4,0.792116499971598,1,0,0
4,0.728478400036693,1,1,0
4,0.680805099953432,1,1,0
4,0.936639100022148,1,0,0
4,0.695186000026297,1,1,0
4,0.712696000002325,1,0,0
4,0.886890499969013,1,1,0
4,0.824662200000603,1,0,0
4,0.664209100010339,1,0,0
4,0.520420900022145,1,1,0
4,0.744524999987334,1,0,0
4,0.696663299982902,1,1,0
4,0.711784000042826,1,1,0
4,0.872408499999437,1,0,0
4,0.793166799994651,1,0,0
4,0.888250400021207,1,1,0
4,0.713370800018311,1,0,0
4,0.775492399989162,1,1,0
4,1.2000000000000002,0,0,1
4,0.941098699986469,0,1,0
4,0.710641100013163,1,1,0
4,0.744918700016569,1,0,0
4,0.711850400024559,1,0,0
4,0.806261299992912,1,1,0
4,0.952130899997428,0,0,0
4,0.824085999978706,1,1,0
4,0.839578300016001,1,1,0
4,0.825302799989004,1,0,0
4,0.936357000027783,1,1,0
4,0.631617599981837,1,0,0
4,0.935422400012612,1,0,0
4,1.2000000000000002,0,1,1
4,0.675770300033037,1,1,0
4,0.725878699973691,1,0,0
4,0.667569999990519,1,0,0
4,0.568797100044321,1,1,0
4,0.824387800006662,1,0,0
4,0.839933400042355,1,1,0
4,0.887746500025969,1,0,0
4,1.01897450000979,1,1,0
4,0.776385899982415,1,0,0
4,0.83951950003393,1,1,0
4,1.04899109998951,1,0,0
4,1.08009549998678,1,1,0
4,1.2000000000000002,0,1,1
4,1.0279114,1,0,0
4,0.840586799953599,1,1,0
4,0.648378099955153,1,0,0
4,0.828543599986006,1,1,0
4,1.02113540004939,1,0,0
4,0.521177899965551,1,1,0
4,0.455633600009605,1,0,0
4,0.88846139999805,1,1,0
4,0.553223899973091,1,0,0
4,0.616295799962245,0,1,0
4,1.06299320003018,1,0,0
4,0.886898400029168,0,1,0
4,0.823987499985378,0,0,0
4,0.695330200018361,1,1,0
4,0.648810299986508,1,0,0
4,1.08050500001991,1,1,0
4,0.839432000007946,1,0,0
4,1.04726379999192,1,1,0
4,0.840888800041284,0,0,0
4,1.07972949999385,1,1,0
4,1.12865810003132,0,0,0
4,1.2000000000000002,0,0,1
4,0.778997000015806,0,1,0
4,0.918600000033621,0,1,0
4,0.808435600018129,1,0,0
4,0.902160900004674,1,1,0
4,1.12807919998886,1,0,0
4,0.808470299991313,1,0,0
4,1.12743320001755,1,1,0
4,0.760400500032119,1,0,0
4,0.935081300034653,1,1,0
4,0.744182900001761,1,1,0
4,0.99966749997111,1,0,0
4,0.66470580000896,1,0,0
4,0.632199399988167,0,1,0
4,0.989446700026747,1,0,0
4,0.857785600004718,1,1,0
4,0.951720200013369,1,0,0
4,0.727703999960795,1,1,0
4,1.04840760002844,1,1,0
4,0.857030499959365,1,0,0
4,0.840398400032427,1,1,0
4,0.843863299989607,1,0,0
4,0.904183399979956,1,0,0
4,0.775867799995467,1,1,0
4,0.968736299953889,1,0,0
4,0.872776700009126,1,1,0
4,0.711181899998337,1,1,0
4,0.775651199975982,1,0,0
4,0.742397299967706,1,0,0
4,0.679225700034294,1,1,0
4,0.679957099957392,0,1,0
4,0.61659829999553,1,0,0
4,0.758802799973637,1,1,0
4,0.680188900034409,1,0,0
4,0.775464900012594,1,1,0
4,1.2000000000000002,0,0,1
4,0.727317200042307,1,1,0
4,0.534615999960806,0,0,0
4,0.695400500029791,0,0,0
4,0.823485200002324,1,1,0
4,0.774064400000498,1,1,0
4,0.680219000030775,1,0,0
4,0.823465599969495,1,0,0
4,0.760056799976155,1,1,0
4,1.19294259999879,1,0,0
4,0.662218999990728,1,1,0
4,0.791652399988379,1,1,0
4,0.679587599996012,1,0,0
4,0.790875000006054,1,0,0
4,0.807495300017763,1,1,0
4,0.695550600008573,0,0,0
4,0.647557599993888,0,1,0
4,0.551681100041606,1,1,0
4,0.666211100004148,1,0,0
4,0.550405299989507,1,1,0
4,0.997474199975841,1,0,0
4,0.683226199995261,1,1,0
4,0.615072399959899,0,0,0
4,0.582550999999512,1,0,0
4,0.630152400000952,1,1,0
5,1.2000000000000002,0,0,1
5,0.903348199964967,1,1,0
5,0.933871600020211,1,1,0
5,1.01563129998976,1,0,0
5,0.793390700011514,1,0,0
5,0.935482000000775,1,1,0
5,1.00248640001519,1,0,0
5,1.00216480001109,0,1,0
5,1.2000000000000002,0,0,1
5,1.08467840001686,1,1,0
5,1.17712700000266,0,1,0
5,0.872342800023034,1,0,0
5,1.04595449997578,0,1,0
5,1.03255869995337,1,0,0
5,0.794509700033814,1,1,0
5,0.810951000021305,0,0,0
5,0.82490870001493,1,1,0
5,0.810430399957113,0,0,0
5,1.03427390003344,0,1,0
5,1.0017508000019,0,0,0
5,0.968656899989583,1,0,0
5,0.809864200011361,1,1,0
5,0.842540299985558,1,0,0
5,0.82561350002652,1,1,0
5,0.857547799998429,1,0,0
5,0.896409299981315,0,1,0
5,0.700343600008637,1,0,0
5,0.920551499992143,1,1,0
5,0.633925800037105,1,0,0
5,0.889516600000206,1,1,0
5,0.889723400003277,0,1,0
5,0.938078599981964,1,0,0
5,1.2000000000000002,0,1,1
5,1.0241520999698,1,0,0
5,0.927612100029364,1,1,0
5,0.987046499969438,0,0,0
5,1.05025729996851,0,0,0
5,0.793778499995824,1,1,0
5,0.729083399986848,1,0,0
5,0.809930199990049,0,1,0
5,0.984871799999382,1,1,0
5,0.809838599991053,0,0,0
5,0.762043600028846,1,0,0
5,1.06529790000059,0,1,0
5,1.08013060002122,1,1,0
5,1.13014329998987,1,0,0
5,0.713769900030456,1,1,0
5,1.03472569998121,1,0,0
5,1.14593880000757,0,0,0
5,1.2000000000000002,0,1,1
5,1.17686680000043,1,0,0
5,0.954423900053371,0,1,0
5,0.586969600000884,1,1,0
5,0.777081799984444,0,0,0
5,0.775314699974842,1,1,0
5,0.873991500004195,0,0,0
5,0.744887200009543,1,1,0
5,0.714853999961633,1,0,0
5,1.17759350000415,0,1,0
5,0.95439329999499,0,0,0
5,1.00135989999399,0,0,0
5,0.697285100002773,1,1,0
5,0.937295399955474,1,0,0
5,0.79236740001943,0,1,0
5,1.2000000000000002,0,0,1
5,0.825365500000771,0,1,0
5,0.71312410000246,1,1,0
5,0.889032699982636,1,0,0
5,0.666572899965104,1,0,0
5,0.888102199998684,0,1,0
5,0.887581699993461,1,1,0
5,1.2000000000000002,0,0,1
5,0.777684699976817,0,1,0
5,0.922348799998872,0,0,0
5,1.06419329997152,0,1,0
5,1.1144639000413,1,0,0
5,0.745726799999829,0,1,0
5,1.09821349999402,1,0,0
5,0.877327799971681,1,0,0
5,1.2000000000000002,0,1,1
5,1.06518590002088,1,1,0
5,0.792552799975965,1,0,0
5,1.2000000000000002,0,0,1
5,0.960226700000931,1,1,0
5,0.872449199960101,1,1,0
5,0.986314700043295,1,0,0
5,0.697582599997986,1,1,0
5,1.04988790000789,1,0,0
5,0.712887899950147,1,1,0
5,1.1285254000104,0,0,0
5,0.82608920003986,1,0,0
5,0.857732600008603,0,1,0
5,0.696158199978527,1,1,0
5,0.74559229996521,0,0,0
5,0.80784769996535,0,1,0
5,0.889122899970971,1,0,0
5,0.745273599983193,0,1,0
5,0.730009999999311,0,0,0
5,0.906223999976646,0,0,0
5,0.968849000055343,1,1,0
5,0.809432099980768,0,0,0
5,0.681147099996451,1,1,0
5,0.905569399998058,0,0,0
5,0.838595200038981,1,1,0
5,0.826925300003495,1,0,0
5,0.713097999978345,1,1,0
5,0.58509020000929,1,0,0
5,0.871268800052349,0,1,0
5,0.889634199964348,1,1,0
5,0.681198199978098,1,0,0
5,0.888087800005451,1,1,0
5,1.00113019999117,1,0,0
5,1.06470460002311,1,0,0
5,0.665180600015447,1,1,0
5,0.889719999977387,1,0,0
5,0.79265849996591,0,1,0
5,0.952208900009282,1,0,0
5,0.95329119998496,1,1,0
5,0.776139599969611,0,0,0
5,0.885305800009519,1,1,0
5,1.09587109996937,0,0,0
5,0.85617889999412,1,1,0
5,0.80873900000006,1,1,0
5,0.761376800015569,1,0,0
5,0.744676800037269,1,0,0
5,0.567982400010806,1,1,0
5,0.715059500013012,0,0,0
5,0.696383400005288,1,1,0
5,0.840514000039548,1,1,0
5,0.697046199988108,1,0,0
5,0.584023499977775,1,1,0
5,0.616056300001219,1,0,0
5,0.680637699959334,1,0,0
5,1.03168279997772,1,1,0
5,0.808258000004571,1,1,0
5,1.01638460002141,1,0,0
5,0.631286299962085,1,1,0
5,0.936639599967748,0,0,0
5,0.760800999996718,1,0,0
5,0.695718300004955,0,1,0
5,0.747188899957109,1,0,0
5,0.842631399980746,0,1,0
5,0.760441599995829,0,0,0
5,0.696219199977349,0,1,0
5,0.728995700017549,1,1,0
5,0.697346200002357,0,0,0
5,0.824362499988638,1,1,0
5,0.663773100008257,1,0,0
5,0.631629700015765,1,0,0
5,0.665209800004959,1,1,0
5,0.760632700053975,0,0,0
5,0.792282500013243,1,1,0
5,0.632317600015085,1,0,0
5,0.728188499982934,1,1,0
5,0.983540799992625,1,0,0
5,0.71305709995795,1,1,0
5,0.700911099964287,0,0,0
5,0.808444800029974,1,1,0
5,0.726320200017653,1,0,0
5,0.697092899994459,0,1,0
5,0.823664000025019,1,1,0
5,1.03193490003468,1,0,0
5,0.631080200022552,1,0,0
5,0.744893800001591,0,1,0
5,0.744702700001653,1,0,0
5,0.729210600024089,0,1,0
5,0.710387200000696,1,0,0
5,0.775478299998213,0,1,0
5,0.711452600022312,0,1,0
5,0.664249200024642,0,0,0
5,0.808317000046372,0,0,0
5,0.648334100027569,1,1,0
5,0.648821500013582,1,1,0
5,0.950736899976619,0,0,0
5,0.745309900026768,0,0,0
5,0.616510399966501,0,1,0
5,0.647974899969995,0,0,0
5,0.823583199991845,1,1,0
5,0.72856600000523,1,1,0
5,0.838655800034758,1,0,0
5,0.87165600003209,1,0,0
5,0.806222499988507,1,1,0
5,0.870088600029703,1,1,0
5,0.742925700033084,1,0,0
5,0.82110639999155,1,1,0
5,0.808964300027583,1,0,0
5,0.857075799955055,1,0,0
5,0.712083599995822,1,1,0
5,0.664660999958869,1,1,0
5,0.695644599967636,1,0,0
5,0.871223099995404,1,1,0
5,0.76267609995557,1,0,0
5,0.937673900043592,0,0,0
5,0.934340900043026,1,1,0
5,1.14113170001656,1,1,0
5,0.88596680003684,0,0,0
5,0.790231899998616,1,1,0
5,0.776258500001859,1,0,0
5,0.759301299985964,0,1,0
5,1.14379569998709,1,0,0
5,0.807222999981605,1,1,0
5,0.935596700001042,1,0,0
5,0.934669100039173,0,0,0
5,0.887638600019272,1,1,0
5,1.1417470999877,1,1,0
5,1.1606851000106,1,0,0
5,0.774797299993224,1,0,0
5,0.903392900014296,1,1,0
5,0.749319499998819,1,0,0
5,0.774989400000777,1,1,0
5,0.775472700013779,0,1,0
5,0.887431500013918,1,0,0
5,0.631657299993094,1,1,0
5,0.663499499962199,1,0,0
5,1.01523169997381,1,1,0
5,0.653820000006817,1,0,0
5,0.648861799971201,1,0,0
5,0.69558339996729,1,1,0
5,0.743703200016171,1,1,0
5,0.823704299982637,1,0,0
5,0.680551799945533,1,0,0
5,0.695484400028363,1,1,0
5,0.664430000004359,1,0,0
5,0.664164899964817,1,1,0
5,0.647915699984878,1,1,0
5,0.679028199985623,1,0,0
5,0.711643999966327,1,0,0
5,0.679211199982092,1,1,0
5,0.661027399997693,1,1,0
5,0.728101900022011,0,0,0
5,0.662305800011382,1,0,0
5,0.696485400025267,1,1,0
5,0.792023200017866,0,1,0
5,0.823642900038976,1,0,0
5,0.6691871000221,1,1,0
5,0.808528999972623,1,0,0
5,0.712761900038458,1,0,0
5,0.774625600024592,1,1,0
5,0.71119349997025,1,0,0
5,0.646008399955463,1,1,0
5,0.647901399992406,1,1,0
5,0.857053499959875,1,0,0
5,0.631895200000145,1,1,0
5,0.695929599984083,1,0,0
5,0.663861599983647,1,0,0
5,0.791319999960251,1,1,0
5,0.598638799972832,1,1,0
5,0.695473900006618,1,0,0
5,0.775112400006037,0,0,0
5,0.648156399955042,1,1,0
5,0.695432399981655,1,0,0
5,0.680026300018653,0,1,0
5,0.646835300023668,1,1,0
5,0.774538400000893,1,0,0
5,0.679685299983248,1,0,0
5,0.646333799988497,1,1,0
5,0.695705400023144,1,1,0
5,0.792381500010379,1,0,0
5,0.694711299962364,1,1,0
5,0.727714899985585,0,0,0
6,1.13962849997915,0,0,0
6,1.16363930003718,1,1,0
6,1.2000000000000002,0,0,1
6,0.851866399985738,1,1,0
6,1.2000000000000002,0,0,1
6,0.695719800016377,1,1,0
6,0.889273200009484,1,0,0
6,0.744106700003613,1,1,0
6,0.633293899998534,1,1,0
6,1.2000000000000002,0,0,1
6,0.632688299985602,1,1,0
6,1.19397860002937,1,0,0
6,1.2000000000000002,0,0,1
6,0.70391700003529,1,1,0
6,0.585047199972905,1,1,0
6,0.873428100021556,1,0,0
6,0.793208600021899,1,0,0
6,0.711883199983276,1,1,0
6,0.585165900003631,1,1,0
6,1.2000000000000002,0,0,1
6,1.12813339999411,0,0,0
6,0.553782199975103,1,1,0
6,0.746932100038975,1,0,0
6,0.729977999988478,1,1,0
6,0.553111399989575,1,1,0
6,0.810115700005554,1,0,0
6,0.699591599986888,1,0,0
6,0.504377699980978,1,1,0
6,0.794267399993259,1,0,0
6,0.585084999969695,1,1,0
6,0.762207899999339,1,0,0
6,0.649775300000329,1,1,0
6,0.726844499993604,1,0,0
6,0.540346199995838,1,1,0
6,0.682182000018656,1,1,0
6,0.730483199993614,1,0,0
6,0.537692999991123,1,1,0
6,0.826319599989802,1,0,0
6,0.889430899987929,1,0,0
6,0.55251439998392,1,1,0
6,0.679746499983594,1,1,0
6,0.778069599997252,1,0,0
6,0.63416249997681,1,1,0
6,0.904754500021227,0,0,0
6,0.942893999977969,1,0,0
6,0.649203499953728,1,1,0
6,0.583410799968988,1,1,0
6,1.00050229998305,1,0,0
6,0.536113300011493,1,1,0
6,0.729528000054415,0,0,0
6,0.810164500027895,1,1,0
6,0.793987700017169,1,0,0
6,0.504349399998318,1,1,0
6,0.841211599996313,1,0,0
6,0.64984969998477,1,1,0
6,0.88868370000273,1,0,0
6,0.874240399978589,1,0,0
6,0.666534899966791,1,1,0
6,0.761671599990223,1,0,0
6,0.649160599976312,1,1,0
6,1.13021700002719,1,0,0
6,0.601146600034554,1,1,0
6,0.810727500007488,1,0,0
6,0.537189099995885,1,1,0
6,0.601823300006799,1,1,0
6,0.697920800012071,1,0,0
6,0.842301399970893,1,0,0
6,0.618118099984713,1,1,0
6,0.586809400003403,1,0,0
6,1.17629189998843,1,1,0
6,0.633224899997003,1,0,0
6,0.584331599995494,1,1,0
6,0.713364600029308,1,1,0
6,0.88935810001567,1,0,0
6,0.668598199961707,1,1,0
6,0.857912899984512,1,0,0
6,0.697617100027855,1,1,0
6,0.665563499962445,0,0,0
6,0.505933200009167,1,1,0
6,0.698082899965812,1,0,0
6,0.794332599965855,1,0,0
6,0.650001400033943,1,1,0
6,0.617343700025231,1,1,0
6,0.778342900041025,1,0,0
6,0.696461499959696,1,1,0
6,0.889278199989349,1,0,0
6,0.584997199999634,1,0,0
6,0.551764699979685,1,1,0
6,0.50840429996606,1,1,0
6,0.650659199978691,1,0,0
6,0.552976800012402,1,0,0
6,0.553846299997531,1,1,0
6,0.744124599965289,1,0,0
6,0.647810900001787,1,1,0
6,0.729768300021533,1,1,0
6,0.761690300016198,1,0,0
6,0.681571599969175,1,0,0
6,0.68292140000267,1,1,0
6,0.617845900007524,1,1,0
6,0.777880200010259,1,0,0
6,0.798173799994402,1,1,0
6,0.857719200022984,1,0,0
6,0.857410100055858,1,0,0
6,0.792258200002834,1,1,0
6,0.553971400018781,1,1,0
6,0.617299699981231,1,0,0
6,0.665305099973921,1,0,0
6,0.633305800030939,1,1,0
6,0.554299299954437,1,0,0
6,0.457422300009057,1,1,0
6,0.615055200003553,1,1,0
6,0.761998400033917,1,0,0
6,0.488665499957278,1,1,0
6,0.505000300006941,0,0,0
6,0.632517999969423,1,0,0
6,0.440950800024439,1,1,0
6,0.793365599995013,1,0,0
6,0.473185900016688,1,1,0
6,0.680395499977749,1,0,0
6,0.521619999955874,1,1,0
6,0.921185199986212,1,0,0
6,0.697839500033297,1,1,0
6,0.591425099992193,1,1,0
6,0.537660199974198,1,0,0
6,0.616501500015147,1,1,0
6,0.713262400007807,1,0,0
6,0.568184499978088,1,1,0
6,0.74523500003852,1,0,0
6,0.696960399975069,1,0,0
6,0.680682700010948,1,1,0
6,0.583616100018844,1,0,0
6,0.553193699975964,1,1,0
6,0.536016800033394,1,1,0
6,0.889034199994057,1,0,0
6,0.616271700011566,1,0,0
6,0.504588400013745,1,1,0
6,0.712182399991434,1,0,0
6,0.50531979999505,1,1,0
6,0.712029999995138,1,0,0
6,0.588302100019064,1,1,0
6,0.407762399991043,1,1,0
6,0.745179699966684,1,0,0
6,0.424288199981675,1,1,0
6,0.792206300015096,1,0,0
6,0.701637900026981,1,1,0
6,0.777114399999846,1,0,0
6,0.774730000004638,0,0,0
6,0.617020700010471,1,1,0
6,0.537325499986764,1,0,0
6,1.2000000000000002,0,1,1
6,0.697364999970887,1,1,0
6,0.767057999968529,1,0,0
6,0.760991600051057,0,0,0
6,0.48945710004773,1,1,0
6,1.2000000000000002,0,0,1
6,0.477270499977749,1,1,0
6,0.730260099982843,1,0,0
6,0.505020899989177,1,1,0
6,0.584574199980125,1,1,0
6,0.680431899963878,1,0,0
6,0.72792129998561,1,0,0
6,0.680984500038903,1,1,0
6,0.713011100015137,0,0,0
6,0.503914100001566,1,1,0
6,0.440579399990384,1,1,0
6,0.682117699994706,1,0,0
6,0.505056100024376,1,1,0
6,0.55281909997575,1,0,0
6,0.551921800011769,0,0,0
6,0.536316199984867,1,1,0
6,0.44137239997508,1,1,0
6,0.536128900013864,0,0,0
6,0.537594499997795,1,0,0
6,0.599514000001363,1,1,0
6,0.487593300000299,0,0,0
6,0.50445559999207,1,1,0
6,0.600780300039332,1,0,0
6,0.600464700022712,1,1,0
6,0.680225799966138,1,0,0
6,0.472131100017577,1,1,0
6,0.79237539996393,1,0,0
6,0.522590199951082,1,1,0
6,0.456446100026369,1,1,0
6,0.569422599975951,1,0,0
6,0.568632900016382,1,1,0
6,0.63234230002854,1,0,0
6,0.472652700031176,1,1,0
6,0.49304430000484,1,0,0
6,0.424516100028995,1,1,0
6,0.408853000029922,1,0,0
6,0.376999899977818,1,1,0
6,0.424105099984445,1,0,0
6,0.631843599956483,0,1,0
6,0.936491600004956,1,0,0
6,0.505288299988024,1,1,0
6,0.440149599977303,0,0,0
6,0.524478899955284,1,1,0
6,0.840739400009625,1,0,0
6,0.504592999990564,1,1,0
6,0.776345400023274,1,0,0
6,0.487511500017717,1,1,0
6,0.552845400001388,1,0,0
6,0.488017000025138,1,1,0
6,0.680591200012714,1,0,0
6,0.759980200033169,1,0,0
6,0.647670899983495,1,1,0
6,0.503148299991153,1,1,0
6,0.72886519995518,1,0,0
6,0.524390299979132,1,1,0
6,0.856373899965547,1,0,0
6,0.728876599983778,1,0,0
6,0.7603449,1,1,0
6,0.632776899961755,1,0,0
6,0.487926500034519,1,1,0
6,0.440373500052374,1,1,0
6,0.43974810000509,0,0,0
6,0.520918900030665,1,0,0
6,0.534323900006711,1,1,0
6,0.538312000047881,1,0,0
6,0.471359000017401,1,1,0
6,0.380525499989744,1,0,0
6,0.470896299986634,1,1,0
6,0.549959200026933,1,1,0
6,0.502420699980576,1,0,0
6,0.486232900002506,1,1,0
6,0.439491300028749,1,0,0
6,0.505111199978273,1,0,0
6,0.439745399984531,1,1,0
6,0.377189699967857,1,0,0
6,0.440358499996364,1,1,0
6,0.440041100024246,1,1,0
6,0.392138499999419,1,0,0
6,0.503789499984123,0,0,0
6,0.488937199988868,1,1,0
6,0.39620149997063,1,1,0
6,0.504590799973812,1,0,0
6,0.455333599995356,1,1,0
6,0.68001449998701,1,0,0
6,0.55252719996497,1,1,0
6,0.871891500020865,1,0,0
6,0.486081800016109,1,1,0
6,0.616540299961343,0,0,0
6,0.710599199985154,1,0,0
6,0.567461600003298,1,1,0
6,0.519741499971133,1,1,0
6,0.440023300005123,0,0,0
6,0.599414600001182,1,0,0
6,0.551431100000627,1,1,0
6,0.919634600053541,1,0,0
6,0.727171800041106,1,1,0
6,0.507590299996082,1,1,0
6,0.806579199968837,1,0,0
6,0.584549600025639,1,0,0
6,0.471432299993467,1,1,0
6,0.663753000029828,1,0,0
6,0.4876498999656179,1,1,0
6,0.487410200003069,1,1,0
6,0.53589890000876,1,0,0
6,0.646847800002433,1,1,0
6,0.600202800007537,1,0,0
7,0.821729699964635,1,0,0
7,0.856387100007851,1,1,0
7,0.807308799994644,1,1,0
7,0.537641400005668,1,0,0
7,0.953407699998934,1,0,0
7,0.935561699967366,1,1,0
7,0.505418999993708,1,0,0
7,1.11407960002543,0,1,0
7,0.857601600000635,1,0,0
7,0.71339860005537,0,1,0
7,0.873705300036818,0,1,0
7,1.2000000000000002,0,0,1
7,0.821582800010219,0,1,0
7,1.03334289998747,1,0,0
7,0.809573900012765,1,1,0
7,0.936465699982364,1,0,0
7,1.04979019996244,0,1,0
7,0.857860499992967,0,0,0
7,0.92063040001085,1,1,0
7,0.682623400003649,0,0,0
7,0.736594699963462,1,0,0
7,0.777684499975294,1,1,0
7,0.634129400015809,1,0,0
7,0.778603999991901,1,1,0
7,0.825646699988283,1,0,0
7,0.697275999991689,1,1,0
7,0.572648699977435,0,0,0
7,0.72824570001103,1,1,0
7,0.794619099993724,1,0,0
7,1.2000000000000002,0,1,1
7,0.911396600014996,1,1,0
7,0.825260699959472,0,0,0
7,0.728259299998172,1,1,0
7,0.811161199992057,0,0,0
7,0.824777900008485,0,1,0
7,0.649954800028354,1,0,0
7,0.665673700044863,1,0,0
7,0.728801299992483,1,1,0
7,0.794011999969371,0,0,0
7,1.03431229997659,1,1,0
7,0.810017300012987,1,1,0
7,0.790212999971118,0,0,0
7,0.969871899986174,1,0,0
7,0.745655900042038,1,1,0
7,0.640926499967463,1,1,0
7,0.753353999985848,0,0,0
7,0.905560699990019,1,1,0
7,1.2000000000000002,0,0,1
7,0.864276000007521,1,0,0
7,0.969995499996003,0,1,0
7,0.777835200016852,1,0,0
7,0.888425999961328,0,1,0
7,0.8912580999895,1,1,0
7,0.63360920001287,0,0,0
7,0.743959199986421,1,1,0
7,0.633342299959622,1,0,0
7,0.617316199990455,1,1,0
7,0.730456500023138,1,0,0
7,0.520861600001808,1,1,0
7,0.632810899987817,1,0,0
7,0.538242599985097,0,0,0
7,0.696989200019743,0,1,0
7,0.474741799989715,1,0,0
7,0.632921200012788,1,1,0
7,0.824427100014873,1,0,0
7,0.873924700019415,1,1,0
7,0.617417300003581,1,1,0
7,0.664156200014986,1,0,0
7,0.361117899999954,0,0,0
7,0.600402400013991,1,1,0
7,0.521213400003035,1,1,0
7,0.728429400012828,1,0,0
7,0.504503900010604,1,1,0
7,1.2000000000000002,0,0,1
7,0.608692899986636,1,1,0
7,0.649667199992109,1,0,0
7,0.616515000001527,1,1,0
7,0.471654499997385,0,0,0
7,0.763629199995194,1,0,0
7,0.648873400001321,1,1,0
7,0.634256199991796,1,1,0
7,0.745686300040688,1,0,0
7,0.553139600029681,1,0,0
7,0.346105800010264,0,1,0
7,0.840823700011242,1,1,0
7,0.618105599947739,0,0,0
7,0.505552599963266,1,1,0
7,0.329885100014508,0,0,0
7,0.649899999960326,0,1,0
7,0.473789599956945,0,0,0
7,0.553349500056356,0,0,0
7,1.2000000000000002,0,1,1
7,0.58562999998685,1,1,0
7,0.393720199994277,0,0,0
7,0.887925900053233,0,1,0
7,0.481966699997429,0,0,0
7,0.433441300003324,1,1,0
7,0.475235600024462,0,0,0
7,0.569158700003754,1,0,0
7,0.30468539998401,0,1,0
7,0.435074000037275,0,0,0
7,0.617988399986643,1,1,0
7,0.601140200044028,1,0,0
7,0.552471300004981,0,1,0
7,0.764691899996251,0,0,0
7,0.425601099967025,0,1,0
7,0.505964300013147,1,0,0
7,0.441430700011551,0,1,0
7,0.633741400029976,1,1,0
7,0.569817000010516,1,0,0
7,0.615136500040535,0,1,0
7,0.521560099965427,1,0,0
7,0.58528329996625,1,0,0
7,0.552083000016864,1,1,0
7,0.649101499991957,0,0,0
7,0.361096999957226,0,1,0
7,0.377621599996928,0,0,0
7,1.2000000000000002,0,1,1
7,0.504031200020108,0,0,0
7,1.2000000000000002,0,1,1
7,0.455638999992516,0,0,0
7,0.617071199987549,1,1,0
7,0.473345600010362,1,1,0
7,0.665366199973505,1,0,0
7,0.711357699998189,1,0,0
7,0.552912499988452,1,1,0
7,0.36183260002872,0,0,0
7,0.52092649997212,1,1,0
7,0.537262200028636,1,1,0
7,0.584773000038695,1,0,0
7,0.457809999992605,0,1,0
7,0.537807900051121,1,0,0
7,0.53644350002287,1,0,0
7,0.553078800032381,1,1,0
7,0.552612100029364,1,1,0
7,0.535165500012226,1,0,0
7,0.600744800001848,1,1,0
7,0.534247400006279,1,0,0
7,0.423918699962087,1,0,0
7,0.343946700042579,0,1,0
7,1.2000000000000002,0,0,1
7,0.606020499952137,1,1,0
7,0.304722100030631,0,0,0
7,0.303569299983792,1,1,0
7,0.32711339998059,0,1,0
7,0.488801100000273,0,0,0
7,0.391118900035508,0,1,0
7,0.49285169999348,0,0,0
7,0.303472700004932,0,0,0
7,1.2000000000000002,0,1,1
7,0.505496600002516,0,0,0
7,1.2000000000000002,0,1,1
7,0.36172380001517,0,0,0
7,0.304453299962915,0,1,0
7,1.2000000000000002,0,0,1
7,0.630747799994424,1,1,0
7,0.571727400005329,0,0,0
7,0.808597300027031,1,1,0
7,0.632253499992657,1,0,0
7,0.759669599996414,1,1,0
7,0.424435399996582,0,1,0
7,0.648647699970752,0,0,0
7,0.505551400012337,1,0,0
7,0.567902500042692,1,1,0
7,0.377322799991816,0,0,0
7,0.552369699988049,1,1,0
7,0.519905099994503,1,0,0
7,0.664242000028025,1,1,0
7,0.680140400014352,1,1,0
7,0.552780200028792,0,0,0
7,0.521297900006175,1,0,0
7,0.583856499986723,1,1,0
7,0.552071000041906,1,1,0
7,0.343176700000186,0,0,0
7,0.408591999963392,0,0,0
7,1.2000000000000002,0,1,1
7,0.487881499982905,1,0,0
7,0.304184200009331,0,1,0
7,1.2000000000000002,0,1,1
7,1.2000000000000002,0,0,1
7,0.495097099978011,0,0,0
7,1.2000000000000002,0,1,1
7,0.680826800002251,1,1,0
7,0.567475999996532,1,0,0
7,0.85613759997068,1,1,0
7,0.457111600029748,0,0,0
7,0.386160299996845,0,0,0
7,0.568995299981907,1,1,0
7,0.440767300024163,1,1,0
7,0.50359739997657,1,0,0
7,0.504626400012057,0,1,0
7,0.504780699964613,0,0,0
7,1.2000000000000002,0,0,1
7,0.36685910000233,0,1,0
7,0.430961900041439,1,1,0
7,0.40851829998428,0,0,0
7,0.552064799994696,1,1,0
7,0.583706200006418,1,0,0
7,0.503688500029966,1,1,0
7,0.408390500000678,0,0,0
7,0.392175399989355,0,1,0
7,0.375004100031219,0,0,0
7,0.638688099978026,1,0,0
7,0.455025599978399,0,1,0
7,0.520239300036337,1,1,0
7,0.53664820000995,1,0,0
7,0.472458500007633,1,0,0
7,0.887329399993178,1,1,0
7,0.669461200013757,1,0,0
7,0.50333189999219,0,1,0
7,0.503904999990482,1,1,0
7,0.632188300020061,1,0,0
7,0.632104699965566,1,1,0
7,0.841121799952816,1,0,0
7,0.502880199986976,1,1,0
7,0.69647129997611,1,0,0
7,0.568483000039123,0,0,0
7,0.567289700033143,1,1,0
7,0.695487699995283,1,1,0
7,0.808726200019009,1,0,0
7,0.71192869998049,1,0,0
7,0.647172099968884,1,1,0
7,0.648201500007417,1,0,0
7,0.647926200006623,1,1,0
7,0.567436199984513,1,1,0
7,0.600763600028586,0,0,0
7,0.664496799989138,1,0,0
7,0.806826299987733,1,1,0
7,0.567202200007159,1,1,0
7,0.743259300012141,1,0,0
7,0.631873000005726,1,0,0
7,0.647056099958718,1,1,0
7,0.584606299991719,1,1,0
7,0.665203500015195,1,0,0
7,0.733734400011599,0,1,0
7,0.567808800027706,1,0,0
7,0.663262899965048,1,0,0
7,0.631266599986702,0,1,0
7,0.759455199993681,1,0,0
7,0.567837700014934,1,1,0
7,0.67914819996804,1,1,0
7,0.839167399972212,1,0,0
7,0.71234969998477,1,1,0
7,0.61666860000696,1,0,0
7,0.536616099998355,1,0,0
7,0.821309299964923,1,1,0
7,0.582786899991333,1,1,0
7,0.615346100006718,1,0,0
7,0.518631600018125,1,0,0
7,0.518940199981444,1,1,0
7,0.552382300025783,1,0,0
7,0.422504900023341,0,1,0
7,0.53553680004552,1,1,0
7,1.2000000000000002,0,0,1
7,0.796528099977877,1,0,0
7,0.663674900017213,1,1,0
7,0.582639200030826,0,1,0
7,0.646620899962727,1,0,0
7,0.901730799989309,0,1,0
7,0.584490399982315,0,0,0
