subj_idx,rt,response,identity
0,0.472947200003546,1,0
0,0.425164999964181,1,1
0,0.490272199967876,0,1
0,0.444263699988369,1,1
0,0.507860100013204,1,0
0,0.379523700044956,1,0
0,0.36401699995622,1,1
0,0.41309479996562,1,0
0,0.459755800024141,1,1
0,0.395679299952462,1,1
0,0.233374999952503,1,0
0,0.233686099993065,1,1
0,0.380820499965921,0,0
0,0.524523700005375,1,0
0,0.587795300001744,0,1
0,0.348488599993289,0,1
0,0.367351799970493,1,1
0,0.427983599947765,1,0
0,0.383682600047905,1,0
0,0.42466429999331,1,1
0,0.60559849999845,1,0
0,0.619339899974875,1,0
0,0.395587599952705,1,1
0,0.412748000002466,1,0
0,0.283765500003938,1,1
0,0.358099200006109,0,0
0,0.240119600028265,1,0
0,0.257583300000988,1,1
0,0.43338889995357,1,0
0,0.571766900015064,1,0
0,0.524511399969924,0,1
0,0.361799600010272,1,1
0,0.586614399973769,1,0
0,0.602382900018711,1,1
0,0.618712899973616,1,0
0,0.572835099999793,1,0
0,0.588495499978308,1,1
0,0.542098100006115,0,1
0,0.522477799968328,0,0
0,0.571823099977337,1,1
0,0.377948399982415,1,1
0,0.38288609997835,1,1
0,0.539688599994406,1,0
0,0.314583900035359,1,0
0,0.587653799972031,1,1
0,0.512341200024821,1,1
0,0.492064099991694,1,1
0,0.571449799987022,0,0
0,0.36589020001702,1,1
0,0.537643900024705,1,1
0,0.523636400001124,0,0
0,0.522694699990097,1,1
0,0.417340699990746,1,0
0,0.621384900005069,0,0
0,0.587169099948369,0,0
0,0.508977700024843,1,1
0,0.490252599993255,1,1
0,0.54760879999958,1,1
0,0.506607200019062,1,0
0,0.539532000024337,0,1
0,0.292017599975225,1,0
0,0.301655300019775,1,1
0,0.464234600018244,1,1
0,0.619865700020455,1,1
0,0.586061300011352,1,1
0,0.622207999986131,1,1
0,0.571770600043237,1,0
0,0.490264700027183,1,0
0,0.555887199996505,1,1
0,0.541221400024369,1,1
0,0.555537000007462,1,1
0,0.430748499988113,1,1
0,0.39257979998365,0,0
0,0.586423399974592,1,1
0,0.586221900011878,0,0
0,0.233010799973272,0,0
0,0.358445600024424,1,1
0,0.254329500021413,1,0
0,0.266472599992994,1,1
0,0.586292500025593,0,0
0,0.558594200003427,1,0
0,0.585900800011586,1,1
0,0.489946399990004,1,0
0,0.555449199979194,1,1
0,0.393722800014075,0,0
0,0.61727200000314,1,1
0,0.346664799959399,0,1
0,0.427267400023993,1,0
0,0.283771799993701,1,1
0,0.506449499982409,0,0
0,0.553635100019164,0,0
0,0.393133200006559,1,1
0,0.522752100019716,1,0
0,0.252576900005806,0,1
0,0.28455149999354,0,1
0,0.619620999961626,1,0
0,0.285509199951775,1,0
0,0.312978499976452,0,1
0,0.24887630000012,0,0
0,0.235344199987594,1,1
0,0.458714600012172,1,0
0,0.476809000014327,1,1
0,0.235129999986384,1,0
0,0.409262600005604,1,1
0,0.394013300014194,1,1
0,0.505081500043161,0,0
0,0.555525399977341,1,0
0,0.394105000013951,0,1
0,0.505958300025668,1,0
0,0.457154400006402,1,1
0,0.504598000028636,0,0
0,0.505068400001619,0,0
0,0.490169299999252,1,1
0,0.47473420004826,1,0
0,0.535279000003356,1,1
0,0.409943999955431,1,1
0,0.520935700042173,0,0
0,0.28169999999227,1,1
0,0.298350700002629,0,0
0,0.235211699968204,1,1
0,0.474518599978182,0,0
0,0.394403999962378,1,0
0,0.42820170003688,0,1
0,0.313258600013796,1,0
0,0.315138800011482,0,0
0,0.441946899984032,1,1
0,0.458237199985888,1,1
0,0.457274800050072,1,0
0,0.441053299990017,1,0
0,0.457111799973063,1,1
0,0.490141600021161,0,0
0,0.505454200028908,1,1
0,0.551409200008493,1,1
0,0.489353800017852,0,0
0,0.328702199971303,0,1
0,0.457673800003249,1,0
0,0.458060699980706,1,0
0,0.443206900032237,1,0
0,0.250426199985668,1,1
0,0.394251200021245,0,0
0,0.25098460004665,0,0
0,0.44176710001193,1,1
0,0.396196099987719,1,0
0,0.266382100002375,1,1
0,0.345594500016887,1,1
0,0.430470600025728,1,1
0,0.616452099988237,1,0
0,0.28200820001075,0,0
0,0.36234550003428,1,1
0,0.50499749998562,0,0
0,0.552793600014411,1,0
0,0.442232600005809,1,1
0,0.443593699950725,1,1
0,0.488234499993268,1,1
0,0.473988999961875,0,0
0,0.50635699997656,1,1
0,0.311657099984586,1,1
0,0.266091800003778,1,1
0,0.249399300024379,1,0
0,0.248561900050845,1,0
0,0.233921299979556,1,1
0,0.233115199953318,1,0
0,0.536742600030266,1,1
8,0.620902800001204,1,0
8,0.475228799972683,0,0
8,0.459604999981821,1,1
8,0.316441399976611,1,1
8,0.347450900007971,0,0
8,0.233736099966336,0,1
8,0.364062100008596,0,0
8,0.444505400024354,1,0
8,0.492345000035129,1,1
8,0.233606299967505,0,0
8,0.483730600040872,0,1
8,0.233566000009887,1,1
8,0.37724119995255,0,0
8,0.234835700015537,0,1
8,0.272991600038949,1,1
8,0.300538299954496,0,0
8,0.23353839997435,1,0
8,0.25949159997981,0,1
8,0.252604599983897,1,0
8,0.23473520000698,0,1
8,0.319241699995473,1,1
8,0.588170300005004,1,0
8,0.509188099997118,1,0
8,0.233468999969773,0,0
8,0.233954199997243,1,0
8,0.248381299956236,0,1
8,0.233165099984035,0,1
8,0.355197300028522,0,0
8,0.571103300026152,1,0
8,0.235282599984203,1,1
8,0.233334499993362,0,0
8,0.234497900004499,1,1
8,0.233943700033706,0,1
8,0.249767599976622,0,0
8,0.233605599962175,0,1
8,0.603880899958313,1,1
8,0.571548799984157,0,1
8,0.522109200013801,0,0
8,0.233468299964443,0,1
8,0.429754299984779,0,0
8,0.328246299992315,1,1
8,0.31520760001149,1,0
8,0.233365399995819,0,0
8,0.234085999953095,0,1
8,0.568058599950746,0,1
8,0.424375500006136,1,1
8,0.395526300009806,1,0
8,0.234593599976506,1,0
8,0.539958400011528,1,1
8,0.474665699992329,1,0
8,0.381288500037044,0,1
8,0.443697699985933,0,0
8,0.58783490001224,1,1
8,0.233167200000025,1,1
8,0.586541500000749,0,1
8,0.589411499968264,0,0
8,0.448965399991721,1,1
8,0.587495699990541,1,1
8,0.491024500050116,1,1
8,0.233221400005277,0,0
8,0.35261729999911,0,1
8,0.33159820002038,0,0
8,0.234216800017748,0,0
8,0.251214699994307,1,0
8,0.234058799978811,0,1
8,0.265651700028684,0,0
8,0.346983000054024,1,1
8,0.234536000003573,1,0
8,0.363421400019433,1,1
8,0.235216800007038,1,0
8,0.44402659998741,1,1
8,0.313796799979173,0,0
8,0.251203400024679,0,1
8,0.377976900024805,0,0
8,0.23577839997597,0,1
8,0.522739399981219,0,0
8,0.442498699994758,0,1
8,0.474418999976479,0,0
8,0.265768299985211,0,0
8,0.314906299987342,1,1
8,0.458692600019276,0,0
8,0.410941899986938,0,1
8,0.527735400013626,1,0
8,0.234420399996452,0,1
8,0.234160699998029,0,0
8,0.378591899992898,0,1
8,0.507444000046235,0,0
8,0.567620299989358,1,1
8,0.234104900038801,0,1
8,0.571104099974036,0,0
8,0.555380000034347,1,1
8,0.267816999985371,1,1
8,0.409131799999159,1,1
8,0.586547299986705,0,0
8,0.233427900006063,1,1
8,0.256439899967518,0,0
8,0.233515999978408,1,1
8,0.235467899998184,0,1
8,0.337825499998871,0,0
8,0.252638900012244,0,1
8,0.312563799961936,0,0
8,0.516324399970472,0,0
8,0.443102399993222,0,1
8,0.569839200004935,0,0
8,0.333467199990992,1,0
8,0.23404779995326,0,1
8,0.298740500002168,1,1
8,0.300689099996816,0,0
8,0.233891699986998,0,0
8,0.296397700032685,1,1
8,0.23489670001436,1,0
8,0.523164300015196,1,1
8,0.234777400037274,0,0
8,0.233221500006039,0,1
8,0.427659200038761,1,0
8,0.34589739999501,1,1
8,0.234453799959738,1,1
8,0.441201999958139,1,0
8,0.267005499976221,0,0
8,0.23558179999236,1,1
8,0.23342629999388,0,1
8,0.233444400015287,0,0
8,0.233910700015258,0,1
8,0.253370899998117,0,0
8,0.553840799955651,1,1
8,0.553793200000655,1,0
8,0.250306700007059,1,1
8,0.618454199982807,0,0
8,0.249362599977758,1,0
8,0.329329300031532,1,1
8,0.234339800023008,1,1
8,0.258803399978206,1,0
8,0.23347570002079,0,0
8,0.329205300018657,0,1
8,0.233449699997436,1,0
8,0.233638700039592,0,0
8,0.234250900044572,1,1
8,0.377296000020579,0,1
8,0.34616170002846,0,0
8,0.440935200022068,0,1
8,0.25053979997756,0,0
8,0.264996899990365,0,0
8,0.520673100021668,0,1
8,0.505006199993659,0,0
8,0.58983370003989,0,1
8,0.425336199987214,0,0
8,0.378326300007757,0,1
8,0.233757200010587,0,1
8,0.263142300012987,0,0
8,0.234250000037719,0,0
8,0.37678859999869,0,1
8,0.376544900005683,0,0
8,0.270439899992198,0,0
8,0.456891499983612,0,1
8,0.233490800019354,1,0
8,0.233551300014369,0,0
8,0.233157800044864,0,1
8,0.297860199993011,1,0
8,0.473180899978615,0,0
8,0.313821599993389,1,1
8,0.298020899994299,1,1
8,0.249455600045621,0,0
8,0.457848199992441,1,0
8,0.441126000019722,1,1
8,0.233665700012352,0,0
8,0.569366100011393,1,0
8,0.479697600007057,0,1
8,0.444947099953424,1,0
9,0.435721100016963,0,1
9,0.391411999997217,0,1
9,0.344275699986611,1,0
9,0.280206099967472,1,1
9,0.442482900049072,0,0
9,0.345441999961622,0,0
9,0.298452700022608,0,1
9,0.472866600030102,1,1
9,0.488356399990153,0,0
9,0.314044899947476,1,1
9,0.505396399996243,0,0
9,0.329139700043015,0,0
9,0.36110879998887,1,1
9,0.281655700004194,0,1
9,0.393698999949265,1,0
9,0.503449799958616,0,0
9,0.44218810001621,1,1
9,0.314166199997999,0,0
9,0.344528499990702,1,1
9,0.392920700018294,1,1
9,0.377459899988025,0,0
9,0.282669399981387,0,0
9,0.409263900015503,0,1
9,0.49024809995899,1,0
9,0.488800999999512,0,1
9,0.462414800014812,1,0
9,0.456786399998236,1,1
9,0.378230399976019,1,1
9,0.2797587,1,0
9,0.361484099994414,1,1
9,0.313014500017744,0,0
9,0.37746899999911,1,1
9,0.297095099987928,0,0
9,0.280020200007129,0,1
9,0.313617500010878,1,0
9,0.361964299983811,0,0
9,0.441222599998582,1,1
9,0.361924700031523,0,0
9,0.393906600016635,1,1
9,0.328909099975135,1,0
9,0.314159800007474,0,1
9,0.312907600018661,0,1
9,0.42552990000695,0,0
9,0.232919799978845,1,1
9,0.265496500011068,0,0
9,0.297677399998065,0,0
9,0.233599599974696,1,1
9,0.279742999991868,0,1
9,0.313516299996991,0,0
9,0.392537200008519,0,0
9,0.295910199987702,1,1
9,0.235463500022888,1,0
9,0.262891400023364,1,1
9,0.234679799992591,0,1
9,0.311134200019296,1,0
9,0.327950099948794,0,1
9,0.3926876999903469,0,0
9,0.23404060001485,1,1
9,0.23351009999169,1,0
9,0.297094199981075,0,1
9,0.42498730000807,1,0
9,0.63273750001099,1,1
9,0.265818299958482,0,0
9,0.250291499949526,1,0
9,0.423727499961387,0,1
9,0.234920300019439,1,1
9,0.280185599985998,1,0
9,0.281513000023551,0,0
9,0.442106799979229,1,1
9,0.551045199972577,1,0
9,0.328373400028795,0,0
9,0.503825000021607,1,1
9,0.360412999987602,0,1
9,0.331270200025756,1,0
9,0.367517100006808,1,1
9,0.328811999992467,0,0
9,0.456504300003871,0,0
9,0.330006100004539,1,1
9,0.393375500047114,0,0
9,0.345738700008951,1,1
9,0.391963100002613,1,1
9,0.360207399993669,1,0
9,0.249782499973662,0,0
9,0.538986400002614,1,1
9,0.393996400001924,1,0
9,0.296565800032113,0,1
9,0.233775100030471,0,0
9,0.298240900039673,1,1
9,0.313566000026185,0,1
9,0.570027300040238,0,0
9,0.524262899998575,1,1
9,0.488132599974051,0,1
9,0.584551200037822,1,0
9,0.599196299968753,1,1
9,0.473941500007641,0,0
9,0.253720699984115,1,1
9,0.505570899986196,1,0
9,0.424987400008831,0,0
9,0.313157900003716,1,1
9,0.393358500034083,1,1
9,0.505873900023289,0,0
9,0.504191000014544,0,0
9,0.394659400044475,1,1
9,0.42669819999719,0,0
9,0.313909200020134,1,1
9,0.4575812999974,1,1
9,0.487982299993746,0,0
9,0.336441199993715,1,1
9,0.45819279999705,0,1
9,0.432434000016656,0,1
9,0.363288399996236,0,0
9,0.409415200003423,0,1
9,0.281020499998704,1,0
9,0.506827900011558,1,0
9,0.412353900028393,0,1
9,0.232865499972831,0,1
9,0.25172450003447,0,0
9,0.281448800000362,0,1
9,0.376600900024641,1,0
9,0.442001599993091,1,1
9,0.329202900000382,0,0
9,0.570397600007709,1,0
9,0.393400500004645,1,1
9,0.405814600002486,1,0
9,0.601369399984833,0,1
9,0.233053300005849,1,1
9,0.290249400015455,0,0
9,0.234473999997135,1,1
9,0.344983899965882,0,0
9,0.296392199990805,1,0
9,0.47311710001668,0,1
9,0.518974300008267,0,1
9,0.586233699985314,0,0
9,0.506019299966283,1,1
9,0.23283980000997,0,0
9,0.334905900002923,1,1
9,0.33405559998937,1,1
9,0.232844399986789,1,1
9,0.552421699976549,0,0
9,0.270684799994342,1,0
9,0.360816499975044,0,1
9,0.488692599989008,0,0
9,0.440164100029506,1,1
9,0.239415400021244,1,0
9,0.232956799969543,1,0
9,0.232916100008879,0,0
9,0.2672203,1,1
9,0.590170199982822,1,1
9,0.232966200041119,1,1
9,0.232998799998313,0,0
9,0.473413900006562,0,0
9,0.282142399984878,1,0
9,0.53751990001183,0,1
9,0.233030200004578,0,0
9,0.295728500001132,1,0
9,0.48926709999796,1,1
9,0.232988299976569,1,1
9,0.232762600004207,0,0
9,0.265490599966142,1,0
9,0.376482599996962,1,1
9,0.232921899994835,0,0
9,0.556504800042603,1,1
9,0.574018899991643,1,1
9,0.446657399996184,0,0
9,0.361400199995842,1,1
9,0.348308800021186,0,1
9,0.312525900022592,0,1
9,0.265674600028433,1,0
9,0.48912460001884,1,0
9,0.413265500043053,1,0
9,0.233490400016308,0,1
9,0.429893699998502,0,0
9,0.425854900036938,1,0
9,0.297637799987569,0,0
9,0.233044399996288,1,1
9,0.296889299992472,1,0
9,0.296958599996287,1,1
9,0.601414399978239,0,0
9,0.281408000038937,0,1
9,0.590662900009193,0,1
9,0.393287099956069,1,0
9,0.409659299999475,1,1
9,0.520348400052171,0,0
9,0.488200399966445,0,0
9,0.297668600047473,0,1
9,0.571593800035771,1,0
9,0.239492099964991,1,0
9,0.331310499983374,1,1
9,0.42504070000723,1,1
9,0.265497100015637,0,0
9,0.505191400006879,1,1
9,0.451217899972107,0,0
9,0.313625500013586,1,1
9,0.296598199987784,0,0
1,0.34512050000194,1,1
1,0.378764599998249,1,0
1,0.490655699999479,1,1
1,0.55677189999551,1,1
1,0.623011000003316,1,0
1,0.319677400002547,0,1
1,0.630092100000184,0,0
1,0.296939400002884,1,0
1,0.527795399997558,0,1
1,0.398111900001823,1,0
1,0.491409800000838,1,0
1,0.588421699998435,0,1
1,0.601245900004869,1,0
1,0.5752197000038,1,1
1,0.39953859999514,1,1
1,0.6013105,0,0
1,0.346670500002801,1,1
1,0.49152409999806,1,1
1,0.427697200000694,0,0
1,0.443042799997784,1,0
1,0.428359099998488,1,1
1,0.490563499995915,0,0
1,0.348480200002086,1,1
1,0.396573099998932,1,1
1,0.475910000001022,1,0
1,0.377352600000449,0,0
1,0.378900699994119,1,1
1,0.41026299999794,1,1
1,0.299800499997218,0,0
1,0.236019700001634,1,1
1,0.330337899998995,1,0
1,0.523272699996596,0,0
1,0.251169800001662,1,1
1,0.507472400000552,0,0
1,0.523715199997241,1,1
1,0.42863380000199,1,1
1,0.474586099997396,0,0
1,0.603859499999089,0,1
1,0.507332800007134,1,1
1,0.539262099999178,0,0
1,0.490964900003746,1,1
1,0.523031600001559,0,0
1,0.412162599997828,0,0
1,0.539082000002963,1,1
1,0.365758599997207,1,0
1,0.330767300001753,0,1
1,0.443244200003392,1,0
1,0.31590519999736,0,1
1,0.41165689999616,0,1
1,0.442242199998873,1,0
1,0.460195800005749,1,1
1,0.555427999999665,1,0
1,0.395482499996433,0,0
1,0.410320900002262,0,1
1,0.489812300002086,1,0
1,0.395282699995732,0,0
1,0.526957800000673,0,0
1,0.603453999996418,0,0
1,0.45716170000378,1,1
1,0.585399200004758,0,0
1,0.475153599996702,1,1
1,0.521369599999161,0,0
1,0.507866500003729,1,1
1,0.542875999999524,0,0
1,0.619699499999115,1,1
1,0.586198799996055,0,0
1,0.35313429999951,1,1
1,0.538706200000888,1,0
1,0.571758300000511,1,1
1,0.605759999998554,0,0
1,0.492157799999404,1,1
1,0.555040699997335,1,0
1,0.301295199999004,1,1
1,0.395571000000928,1,1
1,0.571528099993884,0,0
1,0.265887499997916,1,1
1,0.443444300006377,1,0
1,0.571532999994815,0,0
1,0.556022600001597,1,0
1,0.426588499998616,0,1
1,0.47401600000012,1,1
1,0.523228799997014,0,0
1,0.505834800002049,1,0
1,0.584320800000569,0,1
1,0.602149099999224,1,1
1,0.569219099998008,0,0
1,0.430639500002144,0,0
1,0.473627300001681,0,1
1,0.488929400002235,1,0
1,0.540058400001726,0,1
1,0.554281999997329,0,0
1,0.571681699999317,0,1
1,0.484108999997261,0,1
1,0.251088999997592,1,0
1,0.458486999996239,1,1
1,0.4746238000007,1,0
1,0.60432839999703,1,1
1,0.557074800002738,1,1
1,0.564213099998597,0,0
1,0.585016899996845,1,1
1,0.543415600004664,0,1
1,0.505819300000439,0,0
1,0.562293599999975,1,1
1,0.410782399994787,0,0
1,0.428193500003545,0,1
1,0.506539199996041,0,1
1,0.350160399997549,1,1
1,0.522552800000994,0,0
1,0.618329499993706,0,0
1,0.411396400006197,0,1
1,0.558232199997292,0,1
1,0.570985999998811,1,1
1,0.604539100000693,1,1
1,0.538543700000446,0,0
1,0.396442199999001,0,0
1,0.489245700002357,1,1
1,0.620713399999659,1,0
1,0.570051800001238,0,1
1,0.555626599998504,1,1
1,0.524369599996135,0,0
1,0.593304199996055,1,1
1,0.5224698,1,0
1,0.537577700000838,0,0
1,0.506032700002834,1,1
1,0.523206599995319,0,0
1,0.427832499997749,1,1
1,0.507223000000522,1,0
1,0.520203699998092,0,1
1,0.396990399996866,0,0
1,0.411094300005061,0,1
1,0.426107100000081,1,0
1,0.569358200002171,0,1
1,0.538523499999428,0,1
1,0.521637400001055,0,0
1,0.570095999995829,0,0
1,0.604533199999423,0,0
1,0.588187699999253,0,0
1,0.536983899997722,0,1
1,0.47783669999626,1,0
1,0.567957200000819,1,1
1,0.345537700006389,1,0
1,0.3461382999958,0,0
1,0.252734499998041,0,0
1,0.589858699997421,1,1
1,0.522834999996121,0,1
1,0.632226900001115,1,1
1,0.381609199997911,0,1
1,0.361134900005709,0,1
1,0.281449300004169,1,0
1,0.524821799997881,1,1
1,0.632101199997123,0,1
1,0.568814199999906,0,0
1,0.586245699996653,0,1
1,0.587592799995036,0,1
1,0.536982300000091,1,0
1,0.601123300002655,1,1
1,0.602257300000929,0,1
1,0.553040099999635,0,0
1,0.552970500000811,0,1
1,0.457760400000552,0,1
1,0.61849760000041,0,0
1,0.617989799997304,1,1
1,0.521372899995185,1,0
1,0.557678400000441,1,0
1,0.617701700000907,1,1
1,0.632420900001307,1,1
1,0.569560899995849,1,0
1,0.632820699996955,0,0
1,0.605487100001483,0,1
1,0.330399599995872,1,1
1,0.473863599996548,0,0
1,0.457818499999121,1,0
1,0.456249799994112,0,1
1,0.504563199996483,0,1
1,0.470904499998142,1,0
1,0.458164700001362,0,1
1,0.395437899998797,1,0
2,0.265298900005291,0,0
2,0.233528600001591,0,1
2,0.235236000000441,0,0
2,0.234854100002849,1,1
2,0.255450300006487,1,1
2,0.315830200001074,0,0
2,0.233306499998434,1,0
2,0.233554600003117,0,1
2,0.233855899998161,1,0
2,0.234156099999382,0,0
2,0.234038599999622,0,1
2,0.233044000000518,0,1
2,0.40839920000144,0,0
2,0.242725700001756,0,1
2,0.234045600001991,1,0
2,0.233808100005263,0,1
2,0.233760299997812,0,0
2,0.233351399998355,0,1
2,0.259139000001596,0,0
2,0.233398500000476,0,0
2,0.233790999998746,1,1
2,0.233988899999531,0,1
2,0.234004199999617,0,0
2,0.245130499999505,1,1
2,0.234561700002814,1,0
2,0.285905400000047,1,0
2,0.233273800004099,0,1
2,0.234274900001765,0,0
2,0.299421299998357,1,0
2,0.250474699998449,0,1
2,0.23464519999834,0,0
2,0.244748700002674,0,1
2,0.242460699999356,0,1
2,0.233221599999524,0,0
2,0.233286400005454,0,0
2,0.234324500001094,1,1
2,0.233853500001715,0,1
2,0.23319270000502,0,0
2,0.234467599999334,0,1
2,0.234698600004776,0,0
2,0.233267900002829,1,0
2,0.234002400000463,0,1
2,0.23408250000648,1,1
2,0.233512200000405,0,0
2,0.233652999995684,0,0
2,0.233485999997356,0,1
2,0.233233500002825,0,0
2,0.234284999998636,0,1
2,0.233528699995077,0,1
2,0.233306300004188,0,0
2,0.233451400003105,0,0
2,0.233599400002277,0,1
2,0.235204999997222,1,0
2,0.233090800000355,0,1
2,0.252143300000171,0,0
2,0.234514600000693,0,1
2,0.23316490000434,1,1
2,0.233502100003534,0,0
2,0.234952899998461,0,1
2,0.233368000001065,1,0
2,0.233236200001556,1,1
2,0.23306340000272,0,0
2,0.233419500000309,0,1
2,0.233578699997452,1,0
2,0.234415800005081,1,1
2,0.233597999998892,1,1
2,0.233362300001318,0,0
2,0.233215500004007,1,0
2,0.245027099997969,0,1
2,0.233388400003605,0,1
2,0.276557599994703,1,1
2,0.233263000001898,0,1
2,0.283095799997682,1,0
2,0.233287100003508,0,1
2,0.233221099995717,1,0
2,0.233390699999291,0,1
2,0.234301000004052,0,0
2,0.233492300001672,0,1
2,0.266379499997129,1,0
2,0.31441420000192,0,1
2,0.23385650000273,0,1
2,0.233535200000915,1,0
2,0.271884399997361,0,0
2,0.23376609999832,0,1
2,0.233323400003428,0,1
2,0.234094599996752,1,0
2,0.234472199997981,1,0
2,0.233248000004096,1,1
2,0.233986100000038,1,0
2,0.234271000001172,1,1
2,0.282487699994817,1,1
2,0.234235799995076,0,0
2,0.266040700000303,0,1
2,0.23507100000279,1,1
2,0.233277899998939,0,1
2,0.2337939,1,0
2,0.27209660000517,0,0
2,0.26720970000315,1,1
2,0.233224100004009,1,0
2,0.252942899998743,0,1
2,0.234185599998455,1,0
2,0.235236500004248,1,1
2,0.23985410000023,1,0
2,0.233596700003545,0,1
2,0.233487299999979,1,1
2,0.233390100001998,1,1
2,0.233322200001567,0,0
2,0.234035300003598,0,1
2,0.233328000002075,1,0
2,0.233965499995975,0,1
2,0.233668100001523,1,0
2,0.233192899999267,0,1
2,0.234238399993046,1,1
2,0.234497799996461,0,0
2,0.233587000002444,0,1
2,0.234637199995632,1,0
2,0.233492999999726,1,1
2,0.233434299996588,0,0
2,0.234840600001917,0,1
2,0.2342423999944,0,1
2,0.233353899995564,1,0
2,0.23422379999829,0,0
2,0.234347500001604,1,0
2,0.234136600003694,1,1
2,0.23425159999897,1,1
2,0.233267600000545,1,0
2,0.233442700002342,1,1
2,0.233394700000645,1,0
2,0.234512300005008,1,0
2,0.234952099999646,0,1
2,0.233965200000966,1,1
2,0.233900500003074,0,0
2,0.275432100002945,1,0
2,0.26564910000161,1,1
2,0.233210799997323,1,0
2,0.284607000001415,1,0
2,0.346702399998321,1,1
2,0.234047300000384,0,1
2,0.248528000003716,1,0
2,0.378664500000014,0,1
2,0.282056500000181,1,0
2,0.361579100004747,1,0
2,0.244983099997626,0,1
2,0.266761400001997,1,0
2,0.233021699998062,1,1
2,0.233700099997805,1,1
2,0.233451899999636,1,0
2,0.237019299995154,1,0
2,0.287834399998246,1,1
2,0.233569899995928,1,0
2,0.233363100000133,1,1
2,0.234287100000074,0,0
2,0.233626199995342,0,1
2,0.234869200001413,1,0
2,0.233716499998991,1,1
2,0.233299400002579,0,0
2,0.265550899996015,1,1
2,0.233323699998436,1,1
2,0.234413699996367,0,0
2,0.234524400002556,0,0
2,0.233607399997709,0,1
2,0.233279400003084,0,1
2,0.233140900003491,1,0
2,0.235049199996865,1,0
2,0.234255999996094,1,1
2,0.233446300000651,1,0
2,0.23312860000442,0,1
2,0.233387499996752,1,0
2,0.377106400002958,1,1
2,0.362490799998341,1,0
2,0.250921200000448,1,1
2,0.24925809999695,0,0
2,0.233711499997298,1,0
2,0.344568599997729,1,1
2,0.232946000003722,1,0
2,0.233299600004102,1,1
2,0.233788899997307,1,0
2,0.234610299994529,0,1
2,0.269886000001861,1,0
2,0.346049799998582,1,0
2,0.23316309999791,1,0
2,0.233777599998575,1,1
2,0.235116600000765,0,1
2,0.233354099997086,1,0
2,0.441991699997743,1,1
2,0.248951599998691,0,0
2,0.2343097999983,1,1
2,0.233303399996657,1,0
2,0.413009500000044,1,0
2,0.392750500002876,0,1
2,0.233921599996393,1,0
2,0.233940500002063,0,1
2,0.233323000000382,1,1
2,0.252844800001185,1,0
2,0.234551599998667,0,0
2,0.233707399995183,0,1
2,0.247511800000211,1,0
2,0.23380239999824,1,1
2,0.233488400001079,0,1
2,0.233130900000106,0,0
2,0.233704800004489,0,1
2,0.235436200004187,0,0
2,0.372771999995166,1,1
2,0.521080300000904,1,0
2,0.440800199998193,1,0
2,0.45689630000561,1,1
2,0.505059099996288,0,0
2,0.329634599998826,1,1
2,0.632976699998835,1,1
2,0.521399600002042,1,0
2,0.42996619999758,1,1
2,0.622336899999937,1,0
2,0.345761800002947,1,0
2,0.328675200005819,1,0
2,0.423536599999352,1,1
2,0.376560400000017,0,0
2,0.234220999998797,0,1
2,0.247809000000416,1,0
2,0.284704400000919,1,0
2,0.409588700000313,1,1
2,0.263024199994106,0,1
2,0.40734109999903,0,0
2,0.490047799998138,1,0
2,0.408914899999218,1,1
3,0.42579239999759,0,1
3,0.475231699994765,1,0
3,0.504869199998211,1,1
3,0.422779700005776,0,0
3,0.393686099996557,0,1
3,0.475783999994746,1,0
3,0.49277230000007,0,1
3,0.410588800004916,0,0
3,0.363290099994629,1,1
3,0.411344100008137,1,0
3,0.607490200010943,0,1
3,0.308686399992439,0,1
3,0.538627100002486,0,0
3,0.233768599995528,1,0
3,0.283020699993358,1,1
3,0.475310499998159,0,1
3,0.283347099990351,1,0
3,0.394529400000465,0,0
3,0.496254400000907,1,0
3,0.478661400004057,1,1
3,0.621038700002828,1,1
3,0.618315500003519,0,0
3,0.583708599995589,1,0
3,0.444029400008731,1,0
3,0.619808500006911,1,1
3,0.540640399995027,0,0
3,0.539343900003587,1,1
3,0.57333360001212,1,0
3,0.352034399998956,0,0
3,0.570669699998689,1,1
3,0.558576900002663,0,0
3,0.553996699993149,1,1
3,0.604419299997971,1,0
3,0.351271799998358,1,1
3,0.555172599997604,1,0
3,0.539811099995859,1,1
3,0.464114400005201,1,1
3,0.590022000003955,1,1
3,0.619314700001269,0,0
3,0.46017770000617,1,1
3,0.588127299997723,1,0
3,0.604035999989719,0,1
3,0.234547100000782,0,1
3,0.31060620000062,0,1
3,0.431372899998678,1,1
3,0.555726899998263,1,1
3,0.571512199996505,1,1
3,0.233358099998441,0,0
3,0.557570600009058,1,1
3,0.586123699991731,1,0
3,0.4924602000101,1,1
3,0.52429500001017,1,0
3,0.555111900001066,1,1
3,0.555065900000045,1,0
3,0.587399600000936,1,1
3,0.4584795999981,0,0
3,0.593309799995041,1,1
3,0.526680900002248,1,1
3,0.623820799999521,1,1
3,0.602756200009026,0,0
3,0.459698799997568,1,1
3,0.408239099997445,1,0
3,0.367770199998631,1,1
3,0.233226399999694,1,1
3,0.539017500006594,1,1
3,0.544835699998657,1,1
3,0.524208599992562,0,0
3,0.605285199999344,0,0
3,0.235448100007488,0,0
3,0.233498799992958,1,0
3,0.293331299995771,0,0
3,0.409581400002935,1,1
3,0.267330200003926,1,0
3,0.314467599993804,1,0
3,0.329939799994463,1,0
3,0.561262500006706,1,1
3,0.542513799999142,1,1
3,0.508556699991459,1,1
3,0.601734299998498,1,0
3,0.509396000008564,1,1
3,0.618929500007653,1,0
3,0.568626500011305,1,1
3,0.590562800003681,1,0
3,0.63426679999975,1,0
3,0.574260100009269,0,0
3,0.575104699993972,1,1
3,0.506273299994064,1,0
3,0.621784100003424,1,0
3,0.572557199993753,1,1
3,0.491335700004129,1,0
3,0.622927499993239,1,1
3,0.604815400001826,1,1
3,0.570983700003126,1,0
3,0.582313100007013,1,0
3,0.608998700001393,1,1
3,0.479403599994839,1,1
3,0.493414899989148,1,0
3,0.553553300007479,1,1
3,0.426954499998828,1,1
3,0.565715600008843,1,1
3,0.601817500006291,1,0
3,0.237044299996342,0,0
3,0.585436599998502,1,1
3,0.569992100005038,1,1
3,0.617761000001337,0,1
3,0.60261050000554,1,0
3,0.618978500002413,0,0
3,0.617989000005764,1,1
3,0.606958200005465,1,0
3,0.616934899997432,1,1
3,0.553089599998202,0,0
3,0.266629199992167,1,1
3,0.303394500006107,1,0
3,0.601838499991572,1,1
3,0.440624100010609,0,0
3,0.536930299989763,1,1
3,0.556237199998577,1,1
3,0.53817600000184,0,1
3,0.553584900000715,1,0
3,0.60302270000102,1,1
3,0.59100899999612,1,1
3,0.526399999987916,1,0
3,0.632135699997889,1,0
3,0.528478799998993,0,0
3,0.590969499986386,1,0
3,0.587221599998884,1,1
3,0.618909699987853,1,0
3,0.490615299990168,1,1
3,0.554761899998994,1,0
3,0.601563199990778,1,1
3,0.568204200011678,1,0
3,0.538427400009823,0,0
3,0.233016199999838,1,0
3,0.509348399995361,1,1
3,0.442431599993142,1,0
3,0.270891699998174,1,0
3,0.520037100010086,1,1
3,0.304051699989941,1,1
4,0.234129799995571,0,0
4,0.248269600007916,0,1
4,0.248454400003538,0,0
4,0.343989399989368,1,1
4,0.23528890000307,0,1
4,0.466242700000294,1,0
4,0.234262799989665,0,0
4,0.301540799991926,1,1
4,0.363698600005591,1,0
4,0.253276100003859,1,1
4,0.331040400007623,0,0
4,0.476949400006561,0,1
4,0.509745299990755,1,0
4,0.460387299986905,0,1
4,0.555609600007301,1,0
4,0.490886799991131,0,1
4,0.233201099996222,0,0
4,0.234274400005233,0,1
4,0.233092299997224,1,0
4,0.234361299997545,1,0
4,0.532646299994667,0,1
4,0.233414100002847,0,1
4,0.234309399995254,0,0
4,0.351255200002925,1,0
4,0.233678100004909,1,1
4,0.350854000003892,0,1
4,0.234166099995491,0,0
4,0.233371299997088,1,0
4,0.509747900010552,1,1
4,0.317592200008221,0,0
4,0.25153350000619,1,1
4,0.428305299996282,1,1
4,0.23314689999097,0,0
4,0.234206200009794,1,0
4,0.232966199997463,1,1
4,0.239329600008205,1,1
4,0.317342700000154,0,0
4,0.233352999988711,0,1
4,0.431021099997452,0,0
4,0.233646699998644,1,0
4,0.241585399999167,1,1
4,0.234484000000521,1,1
4,0.37729789999139,0,0
4,0.280754499995965,1,0
4,0.296331399993505,1,1
4,0.572709700005362,0,0
4,0.602892499999143,1,1
4,0.394756199995754,1,1
4,0.34731520000787,1,0
4,0.345889499993064,0,1
4,0.299333399991156,1,0
4,0.381355699995765,1,0
4,0.233264200011035,1,1
4,0.233854799997061,0,0
4,0.42991200000688,0,1
4,0.27131010001176,1,0
4,0.347493499997654,0,1
4,0.234664100004011,1,0
4,0.233430399995996,0,1
4,0.369515900005354,1,1
4,0.363770999989356,1,0
4,0.233660500001861,1,1
4,0.237002300011227,0,0
4,0.234547400003066,1,1
4,0.234276100003626,1,0
4,0.283759500001906,0,0
4,0.267728799997712,1,1
4,0.269536500010872,1,0
4,0.444216099989717,0,1
4,0.233151499996893,0,1
4,0.382475399994291,1,0
4,0.349931500008097,0,0
4,0.461198199991486,1,1
4,0.236797299992759,1,0
4,0.522705499999574,1,1
4,0.380568699998548,0,0
4,0.233814399995026,1,1
4,0.320078299992019,0,1
4,0.233702000012272,0,0
4,0.346150700002909,1,1
4,0.250447999991593,1,0
4,0.253340800001752,0,1
4,0.362958900004742,0,0
4,0.233291399999871,1,0
4,0.366011699996307,0,1
4,0.475775700004306,1,0
4,0.23451889998978,1,1
4,0.29896379999991,0,1
4,0.233428099993034,0,0
4,0.331338499992853,1,0
4,0.26750479999464,1,1
4,0.233231100006378,1,0
4,0.260192000001553,0,1
4,0.31466289999662,0,0
4,0.378988200012827,0,1
4,0.23362410000118,1,1
4,0.233977199997753,1,0
4,0.233115199996973,0,0
4,0.233923300009337,0,1
4,0.233508699995582,1,0
4,0.234650900005363,0,1
4,0.233693499991205,1,1
4,0.330676799989305,1,0
4,0.377719799987972,1,1
4,0.233593199998722,0,0
4,0.265626199994585,1,0
4,0.233346599998185,0,1
4,0.233492400002433,1,1
4,0.414110500001698,0,0
4,0.233311999996658,0,0
4,0.234150899996166,1,1
4,0.364424400002463,1,0
4,0.250993399997242,0,1
4,0.29733529999794,0,0
4,0.234489399997983,1,1
4,0.233164199991734,1,0
4,0.254151800007094,0,1
4,0.28159389999928,1,0
4,0.474387599999318,0,1
4,0.24878809999791,1,1
4,0.329370099992957,0,0
4,0.378073200001381,0,1
4,0.233380899997428,0,0
4,0.233447899998282,1,1
4,0.234912900006748,0,0
4,0.233984000005876,1,1
4,0.234476700003142,1,0
4,0.283573199994862,0,1
4,0.363268000000971,0,0
4,0.234338299997034,1,1
4,0.382147199998144,0,0
4,0.413373399991542,0,1
4,0.234024100005627,1,0
4,0.233500100002857,1,1
4,0.250135200010845,1,0
4,0.233177799993427,1,1
4,0.348044700003811,0,0
4,0.249576800008072,0,1
4,0.233301400003256,1,0
4,0.235739900002955,1,1
4,0.23403779999353,0,0
4,0.392492300001322,1,0
4,0.457815599991591,1,1
4,0.298263500008034,1,1
4,0.234082399998442,0,0
4,0.236272499998449,0,1
4,0.233504599993466,0,0
4,0.380787700007204,1,0
4,0.234968400007347,0,1
4,0.249763800005894,1,0
4,0.346532600000501,1,1
4,0.284692100001848,0,1
4,0.570576500002062,1,0
4,0.287106699994183,0,0
4,0.395135600003414,1,1
4,0.234471899995697,0,0
4,0.235397299999022,0,1
4,0.296156099997461,1,0
4,0.234143000008771,0,1
4,0.334061500005191,1,1
4,0.332358599989675,0,0
4,0.233257100000628,1,1
4,0.316701000003377,1,0
4,0.233950699999696,0,0
4,0.43024850000802,0,1
4,0.233119099997566,1,0
4,0.233908700000029,1,1
4,0.404510200009099,1,1
4,0.285168300004443,0,0
4,0.314620999997715,0,0
4,0.362217499990948,1,1
4,0.411697899995488,0,1
4,0.346471299999394,1,0
4,0.363903500008746,1,1
4,0.393521799996961,0,0
4,0.282080599994515,1,1
4,0.233697399991797,0,0
4,0.34686380000494,0,1
4,0.25103329999547,1,0
4,0.233344399995985,0,0
4,0.2341044999921,1,1
4,0.298911399993813,0,1
4,0.281610399993951,0,0
4,0.329783900000621,0,0
4,0.233514099993045,0,1
4,0.233981700002914,0,0
4,0.267286700007389,1,1
4,0.233694099995773,1,1
4,0.233391600006144,0,0
4,0.233204800009844,1,0
4,0.283055100007914,1,1
4,0.233770299993921,1,0
4,0.346658900001785,1,1
4,0.249716299993452,0,1
4,0.234054200001992,0,0
4,0.233527100004721,1,1
4,0.329978199995821,0,0
4,0.454868100001477,0,1
4,0.346013400005177,0,0
4,0.296773699999903,1,0
4,0.234476200013887,1,1
4,0.297229200004949,1,0
4,0.314596500000334,1,1
4,0.233371800000896,0,0
4,0.233177300004172,0,1
4,0.234323199998471,0,1
4,0.23440319999645,1,0
4,0.233249700002489,1,0
4,0.233533499995247,0,1
4,0.313246299992898,1,0
4,0.329188400006387,0,1
4,0.328951300005428,0,1
4,0.234605700010434,1,0
4,0.297613100003218,1,1
4,0.313957899998059,1,0
4,0.233229999998002,0,1
4,0.234423800007789,1,0
4,0.234416200008127,1,0
4,0.376397700005327,1,1
4,0.233845299997483,1,0
4,0.262225500002387,1,1
4,0.233191599996644,0,1
4,0.281441899991478,0,0
4,0.233312599986675,0,0
4,0.23498870000185,1,1
4,0.234424399997806,0,0
4,0.233533899998292,0,1
4,0.250952199989115,0,1
4,0.233752000000095,0,0
4,0.233523100003367,1,1
4,0.378074899999774,0,0
4,0.233971200010274,0,1
4,0.233710999993491,1,0
4,0.233353800009354,1,0
4,0.233605500005069,1,1
4,0.234087000004365,1,0
4,0.23386640001263,1,1
4,0.291002600002685,0,1
4,0.376096699998016,1,0
4,0.233260599998175,1,0
4,0.23318389999622,1,1
4,0.233765099997981,0,0
4,0.23448699999426,0,1
4,0.324737100003404,0,1
4,0.234335900007864,1,0
4,0.233274700003676,1,0
4,0.234732199998689,0,1
4,0.419294200008153,1,1
4,0.233402499987278,0,0
4,0.266064299998106,0,1
4,0.392357199991238,0,0
4,0.248936000003596,1,0
4,0.234020499992766,1,1
4,0.328253100000438,1,1
4,0.247368900003494,0,0
4,0.264077400002861,0,0
5,0.455984900007024,0,1
5,0.521139899996342,1,0
5,0.579622700010077,0,0
5,0.443265699999756,0,1
5,0.379698100005044,0,0
5,0.559323699999368,0,1
5,0.373907900007907,1,1
5,0.364756399998441,0,1
5,0.60691859999497,1,0
5,0.234352300001774,0,0
5,0.574452100001508,1,1
5,0.615605500002857,0,0
5,0.234306199999992,1,1
5,0.234526600004756,1,0
5,0.389439699996728,1,0
5,0.632839800004149,1,0
5,0.61003619999974,1,1
5,0.620781400008127,1,1
5,0.44674159999704,0,0
5,0.314898900003755,1,0
5,0.234236100004637,1,1
5,0.554860199990799,1,1
5,0.585201800000505,1,1
5,0.616028600008576,1,1
5,0.633611400000518,0,0
5,0.628741000007722,1,1
5,0.350119199996698,0,0
5,0.600580899990746,1,1
5,0.603161199993338,1,1
5,0.410187900008168,1,1
5,0.361127500000293,0,0
5,0.598323500002152,1,1
5,0.439963700002409,1,0
5,0.551475799991749,1,1
5,0.633039399996051,0,0
5,0.576046500005759,1,1
5,0.564719400004833,1,1
5,0.488112100007129,1,0
5,0.437715799998841,0,1
5,0.533479400008218,1,1
5,0.552789599998505,1,1
5,0.516790000008768,1,0
5,0.615502400003606,1,1
5,0.503150400007144,0,1
5,0.378107000011369,1,0
5,0.614799799994216,1,0
5,0.505263999992167,1,0
5,0.234542899997905,1,1
5,0.406400599997141,1,1
5,0.616635400001542,1,1
5,0.485776300003636,1,0
5,0.40245860000141,1,1
5,0.568013299998711,1,0
5,0.234273199996096,0,1
5,0.356437599999481,0,0
5,0.511315600000671,0,0
5,0.53550019999966,0,1
5,0.322516700005508,0,1
5,0.548002800001996,1,1
5,0.371813599995221,0,0
5,0.234837399999378,0,1
5,0.590621300012572,1,0
5,0.594860299999709,1,1
5,0.600109500010149,0,0
6,0.473803499990026,1,0
6,0.376902999996673,1,1
6,0.458504700000049,0,0
6,0.392084600011003,1,1
6,0.283535800001118,1,1
6,0.395990499993786,1,0
6,0.268319800001336,1,0
6,0.573388899996644,1,1
6,0.524043400000664,1,0
6,0.35737299999164,0,1
6,0.234964999996009,1,0
6,0.425751599992509,0,1
6,0.520984400005545,0,0
6,0.526827200010302,1,1
6,0.495945399990887,1,0
6,0.493718599987915,0,0
6,0.537447299997439,1,1
6,0.62521569999808,1,1
6,0.437267100001918,1,0
6,0.618792399996892,1,1
6,0.431274000002304,0,0
6,0.592382200004067,0,0
6,0.575568800006295,1,1
6,0.611131099998602,0,0
6,0.511046800005715,1,1
6,0.587643100006972,0,0
6,0.573825599989505,0,0
6,0.607323700009147,0,0
6,0.571397399995476,1,1
6,0.531547100006719,1,1
6,0.55643909999344,1,1
6,0.558970700003556,0,0
6,0.443626699998276,1,1
6,0.632748500007438,1,1
6,0.619820899999468,1,1
6,0.618427699999302,0,0
6,0.569657799991546,1,1
6,0.565469400011352,1,1
6,0.619772299993201,1,1
6,0.415076899997075,0,0
6,0.302611999999499,1,1
6,0.234664699994028,1,0
6,0.463050899998052,1,1
6,0.483961399993859,1,0
6,0.420714399995632,1,1
6,0.587621800004854,1,1
6,0.29821219999576,1,1
6,0.612261799993576,1,0
6,0.617442099988693,1,1
6,0.548632200006978,0,0
6,0.553917900004308,1,1
6,0.522948600002564,1,0
6,0.546077000006335,0,0
6,0.443048099987209,1,1
6,0.5677396000101,1,1
6,0.509400599999935,1,1
6,0.620173699993757,1,1
6,0.605841500000679,1,0
6,0.574892799995723,1,0
6,0.539003099998808,0,0
6,0.365889900000184,1,0
6,0.383466200000839,0,0
6,0.317475600008038,1,1
6,0.524149200005922,0,0
6,0.234693299993523,1,0
6,0.588080400004401,0,0
6,0.57827250000264,1,1
6,0.622942700007115,1,1
6,0.46934599999804,1,1
6,0.458759400004055,0,0
6,0.540007000003243,1,1
6,0.445197799999733,1,1
6,0.605929700002889,1,1
6,0.553588399998262,1,1
6,0.477792399993632,1,1
6,0.571373500002665,0,0
6,0.554613999993308,1,1
6,0.251262699996005,0,0
6,0.428139299998293,1,1
6,0.553127799998038,0,0
6,0.328993499992066,1,1
6,0.300230600012583,0,0
6,0.457580699992832,0,1
6,0.537963599999784,0,0
6,0.524678599991603,1,1
6,0.60551479998685,1,1
6,0.61491110001225,1,1
6,0.233431500004372,0,0
6,0.603421100007836,0,1
7,0.2948633999913,1,1
7,0.264019099995494,0,0
7,0.329062499979045,1,1
7,0.358849400014151,0,0
7,0.266609299986158,0,0
7,0.521573399979388,0,1
7,0.377822900016326,1,1
7,0.361402600014117,1,0
7,0.362519799993606,0,1
7,0.602348599990364,0,0
7,0.569272299995646,1,0
7,0.491842800023733,1,0
7,0.241585799987661,0,0
7,0.537545400002273,1,1
7,0.554671199992299,0,0
7,0.234693999984302,1,1
7,0.460699999995995,1,1
7,0.504423100006534,0,0
7,0.617327700019814,0,0
7,0.552362299989909,1,1
7,0.489532100007636,1,1
7,0.477742500021122,1,1
7,0.409041200007778,0,0
7,0.616132499999367,1,1
7,0.506085000000894,1,0
7,0.234423400019296,0,1
7,0.234518399985973,0,1
7,0.234365399985109,0,1
7,0.25830539999879,0,1
7,0.235032700002193,0,1
7,0.233907799993176,0,0
7,0.23520210001152,0,1
7,0.489358499995433,1,1
7,0.361516699980712,1,0
7,0.234267799998634,0,1
7,0.234496100019896,0,1
7,0.234045999997761,0,1
7,0.426137799979188,0,1
7,0.253075299988268,1,0
7,0.523170900007244,1,1
7,0.24928170000203,0,1
7,0.60188139998354,0,0
7,0.298113199998625,1,1
7,0.234058999980334,0,0
7,0.601174199982779,0,1
7,0.617326300009154,0,0
7,0.584457099990686,1,1
7,0.584662099980051,0,0
7,0.585871400020551,1,1
7,0.487989800021751,0,1
7,0.295941299991682,0,0
7,0.395058099995367,1,1
7,0.441427399986424,0,0
7,0.616891399986343,1,1
7,0.520079799985979,1,0
7,0.472226699988823,1,0
7,0.569550300016999,0,1
7,0.329092200001469,0,0
7,0.348251199990045,0,1
7,0.489025699993363,0,0
7,0.234171999996761,0,1
7,0.312700399983441,0,1
7,0.440524999983609,0,0
7,0.489420400001109,0,0
7,0.553669300017646,0,1
7,0.297190699988278,1,1
7,0.281155300006503,1,0
7,0.395772699994268,1,1
7,0.360546300013084,0,0
7,0.261839399987366,1,0
7,0.423600399983115,0,1
7,0.553226699994411,1,0
7,0.391356200008886,0,1
7,0.487913599994499,1,0
7,0.363530699978583,1,0
7,0.376091099984478,0,1
7,0.61605199999758,0,0
7,0.600548699992942,1,1
7,0.551229799981229,0,0
7,0.504272300022421,0,0
7,0.374972100020386,0,1
7,0.317182099999627,0,0
7,0.616424800013192,1,1
7,0.392393699992681,1,0
7,0.393197199999122,1,1
7,0.247346599993762,0,0
7,0.248416399990674,0,1
7,0.25024230001145,0,1
7,0.234721899993019,0,0
7,0.263156500004698,0,1
7,0.28084179997677,0,1
7,0.391281499993056,0,1
7,0.3769287999894,0,0
7,0.373134199995548,1,1
7,0.282164800009923,0,0
7,0.554416299972218,1,1
7,0.440244099998381,0,1
7,0.311399099999107,0,0
7,0.599805200006813,0,0
7,0.360467899998184,1,1
7,0.508740899997065,1,1
7,0.298225100006675,0,1
7,0.296119100006763,0,0
7,0.596385499986354,1,1
7,0.24809930002084,1,1
7,0.234214899974177,0,0
7,0.247757699980866,1,0
7,0.296640299988212,0,1
7,0.363577000010991,0,0
7,0.344568700005766,1,0
7,0.328386199980741,0,1
7,0.63185939998948,0,0
7,0.408855899993796,0,1
7,0.328206100006355,0,0
7,0.279699699982302,0,1
7,0.550356899999315,1,0
7,0.264433800010011,0,0
7,0.294660299987299,1,1
7,0.343905200017616,1,1
7,0.247878299996955,0,0
7,0.378667499986477,0,1
7,0.343899300001794,1,0
7,0.246161400020355,0,1
7,0.234732900018571,0,1
7,0.279855900007533,1,0
7,0.311217899987241,0,1
7,0.362088699999731,0,0
7,0.26233189998311,0,0
7,0.327817000012146,1,1
7,0.246012699994026,0,0
7,0.2797675000038,1,1
7,0.26353569998173,0,0
7,0.24644280000939,1,1
7,0.295125800010283,0,1
7,0.278918299998622,1,0
7,0.248191199993016,0,1
7,0.376267800020287,0,0
7,0.342629900027532,1,1
7,0.487924699991709,1,0
7,0.233756500005256,0,0
7,0.357615600019926,0,1
7,0.234285400016233,1,1
7,0.359557799994946,0,0
7,0.279916600004071,1,0
7,0.234659300011117,0,1
7,0.311260199989192,1,0
7,0.31199829999241,1,1
7,0.296115799981635,0,0
7,0.311124899977585,1,1
7,0.29552529999637,0,1
7,0.34327260000282,1,0
7,0.343829000019468,1,1
7,0.342929600010393,1,0
7,0.359674199979054,0,0
7,0.262872499995865,0,1
7,0.359318299975712,1,0
7,0.234992699988652,0,1
7,0.234643999981927,1,0
7,0.631897499988554,0,1
7,0.477806899987627,0,0
7,0.554791599977762,1,1
7,0.293621999997413,0,0
7,0.487617300008424,0,0
7,0.310524899978191,0,0
7,0.373604200023692,0,0
7,0.310795600002166,1,1
7,0.313219600007869,1,0
7,0.358453200024087,1,0
7,0.235122899990529,1,0
7,0.235434600006556,0,0
7,0.23422230000142,1,1
7,0.377932800009148,1,1
7,0.47140280000167,0,1
7,0.549910100002307,1,0
7,0.234436800004914,0,1
7,0.423403799999505,0,0
